,seed,D,runtime_sec,lr,K,n_clients,lambda,N,algorithm,Log-likelihood,err_true,err_central
28,0,10,1371.9979560375214,0.0005,6,10,1.0,50,central,-86.70506956878504,4.770281850331641,
29,0,10,1371.9979560375214,0.0005,6,10,1.0,50,local,-602.0202770564006,11.684876461708802,11.320894707022578
30,0,10,1371.9979560375214,0.0005,6,10,1.0,50,fl,-23.09269378909399,9.541970208326948,9.246143865170888
32,8,10,1477.2315363883972,0.0005,6,10,1.0,25,central,-9.629951725947896,0.28510978457462444,
33,8,10,1477.2315363883972,0.0005,6,10,1.0,25,local,-1182.2648359770903,16.032018876447648,15.99258347550265
34,8,10,1477.2315363883972,0.0005,6,10,1.0,25,fl,-25.58134914909071,14.410450107994896,14.3705857906081
40,8,10,260.32422733306885,0.0005,6,10,0.0,10,central,-10.175491834900996,0.4274062623373056,
41,8,10,260.32422733306885,0.0005,6,10,0.0,10,local,-4901.150647560617,16.083434622657016,16.078109342105
42,8,10,260.32422733306885,0.0005,6,10,0.0,10,fl,-4316.983779365333,16.0584070441324,16.07166234208868
56,5,10,106.32630038261414,0.0005,6,10,0.0,25,central,-9.707418665473238,0.27025449375171634,
57,5,10,106.32630038261414,0.0005,6,10,0.0,25,local,-1025.787263350688,13.601092134644773,13.600627962019228
58,5,10,106.32630038261414,0.0005,6,10,0.0,25,fl,-1049.0680718981157,13.370712908232457,13.367417131570098
96,5,10,1325.3270380496979,0.0005,6,10,1.0,10,central,-10.067619072105519,0.36176784066543144,
97,5,10,1325.3270380496979,0.0005,6,10,1.0,10,local,-5578.527958559003,13.898049390311485,13.899389628413491
98,5,10,1325.3270380496979,0.0005,6,10,1.0,10,fl,-30.272316955352757,13.122684861561885,13.128682590146308
100,9,10,1286.2943241596222,0.0005,6,10,0.5,10,central,-10.129485543565721,0.354273826251071,
101,9,10,1286.2943241596222,0.0005,6,10,0.5,10,local,-3986.6780714451343,13.342294185588312,13.322146066105114
102,9,10,1286.2943241596222,0.0005,6,10,0.5,10,fl,-31.59804503520411,12.764087962776454,12.732115721965867
108,3,10,1378.1472079753876,0.0005,6,10,1.0,100,central,-9.19909178737266,0.1334791421625768,
109,3,10,1378.1472079753876,0.0005,6,10,1.0,100,local,-789.3965685076148,15.004755517076642,14.98556472163494
110,3,10,1378.1472079753876,0.0005,6,10,1.0,100,fl,-20.740320202994315,13.042624358477664,13.020356191381115
144,4,10,1412.9013373851776,0.0005,6,10,0.5,25,central,-9.620641784406867,0.32478644248660443,
145,4,10,1412.9013373851776,0.0005,6,10,0.5,25,local,-1098.1592002803727,13.989118312208692,13.974279604133468
146,4,10,1412.9013373851776,0.0005,6,10,0.5,25,fl,-26.39133002385673,12.574766119305732,12.566460071232736
168,4,10,1405.1346399784088,0.0005,6,10,1.0,25,central,-9.620641784406867,0.32478644248660443,
169,4,10,1405.1346399784088,0.0005,6,10,1.0,25,local,-1098.1592002803727,13.989118312208692,13.974279604133468
170,4,10,1405.1346399784088,0.0005,6,10,1.0,25,fl,-25.063656209727643,12.501747101797214,12.498136143684135
208,4,10,273.0316905975342,0.0005,6,10,0.0,10,central,-10.122424536955524,0.4227665610072931,
209,4,10,273.0316905975342,0.0005,6,10,0.0,10,local,-5596.907981625161,14.611164415173254,14.626254796321252
210,4,10,273.0316905975342,0.0005,6,10,0.0,10,fl,-4831.165856791889,14.501256209336258,14.507112027528626
228,9,10,96.47124648094177,0.0005,6,10,0.0,25,central,-9.477207279858403,0.26931784179074875,
229,9,10,96.47124648094177,0.0005,6,10,0.0,25,local,-955.6633953973696,13.48486789165305,13.477305720243328
230,9,10,96.47124648094177,0.0005,6,10,0.0,25,fl,-948.6845586709751,13.05302817532118,13.048774096890543
232,1,10,291.86083245277405,0.0005,6,10,0.0,50,central,-9.346665801994696,0.18095246029335765,
233,1,10,291.86083245277405,0.0005,6,10,0.0,50,local,-569.5346752102535,13.002901212419285,13.017821427946377
234,1,10,291.86083245277405,0.0005,6,10,0.0,50,fl,-615.3647169843284,12.907624406615792,12.925911401493284
244,3,10,1368.2006406784058,0.0005,6,10,0.5,100,central,-9.19909178737266,0.1334791421625768,
245,3,10,1368.2006406784058,0.0005,6,10,0.5,100,local,-789.3965685076148,15.004755517076642,14.98556472163494
246,3,10,1368.2006406784058,0.0005,6,10,0.5,100,fl,-20.847235655728742,13.000887246033892,12.979220361121222
252,9,10,1250.1086256504059,0.0005,6,10,1.0,10,central,-10.129485543565721,0.354273826251071,
253,9,10,1250.1086256504059,0.0005,6,10,1.0,10,local,-3986.6780714451343,13.342294185588312,13.322146066105114
254,9,10,1250.1086256504059,0.0005,6,10,1.0,10,fl,-28.858750786230285,12.645468784017362,12.613195546020156
264,5,10,1302.5991406440735,0.0005,6,10,0.5,10,central,-10.067619072105519,0.36176784066543144,
265,5,10,1302.5991406440735,0.0005,6,10,0.5,10,local,-5578.527958559003,13.898049390311485,13.899389628413491
266,5,10,1302.5991406440735,0.0005,6,10,0.5,10,fl,-32.94766142551307,13.403952949624653,13.412233991816388
292,2,10,269.3062961101532,0.0005,6,10,0.0,100,central,-85.84779153690053,3.2377757494690314,
293,2,10,269.3062961101532,0.0005,6,10,0.0,100,local,-543.1975855991254,13.10603463641832,11.521955431228841
294,2,10,269.3062961101532,0.0005,6,10,0.0,100,fl,-542.3715434870338,13.13035687229536,11.30766394520386
316,0,10,1334.3383255004883,0.0005,6,10,0.5,50,central,-86.70506956878504,4.770281850331641,
317,0,10,1334.3383255004883,0.0005,6,10,0.5,50,local,-602.0202770564006,11.684876461708802,11.320894707022578
318,0,10,1334.3383255004883,0.0005,6,10,0.5,50,fl,-24.060612053925695,9.620472139451294,9.311200689013715
320,8,10,471.20417761802673,0.0005,6,10,0.5,25,central,-9.629951725947937,0.2851097845746242,
321,8,10,471.20417761802673,0.0005,6,10,0.5,25,local,-1182.264835977075,16.032018876447648,15.99258347550265
322,8,10,471.20417761802673,0.0005,6,10,0.5,25,fl,-26.629839346679454,14.605392416937969,14.561083249700257
336,1,10,467.32922172546387,0.0005,6,10,0.5,50,central,-9.346665801994677,0.18095246029335785,
337,1,10,467.32922172546387,0.0005,6,10,0.5,50,local,-569.5346752102568,13.002901212419289,13.017821427946378
338,1,10,467.32922172546387,0.0005,6,10,0.5,50,fl,-21.18099345910942,10.535188544322876,10.549081482820338
340,9,10,438.5451776981354,0.0005,6,10,0.5,25,central,-9.477207279858403,0.26931784179074875,
341,9,10,438.5451776981354,0.0005,6,10,0.5,25,local,-955.6633953973696,13.48486789165305,13.477305720243328
342,9,10,438.5451776981354,0.0005,6,10,0.5,25,fl,-25.26373370963585,11.771569156023903,11.766026168433935
368,3,10,270.6226580142975,0.0005,6,10,0.0,100,central,-9.19909178737266,0.1334791421625768,
369,3,10,270.6226580142975,0.0005,6,10,0.0,100,local,-789.3965685076148,15.004755517076642,14.98556472163494
370,3,10,270.6226580142975,0.0005,6,10,0.0,100,fl,-791.9565477901008,15.332085619855983,15.31448762760606
396,4,10,1366.6594035625458,0.0005,6,10,0.5,10,central,-10.122424536955524,0.4227665610072931,
397,4,10,1366.6594035625458,0.0005,6,10,0.5,10,local,-5596.907981625161,14.611164415173254,14.626254796321252
398,4,10,1366.6594035625458,0.0005,6,10,0.5,10,fl,-31.56083040397051,14.036593563333948,14.050723865938597
420,2,10,1550.9795525074005,0.0005,6,10,0.5,100,central,-85.84779153690053,3.2377757494690314,
421,2,10,1550.9795525074005,0.0005,6,10,0.5,100,local,-543.1975855991254,13.10603463641832,11.521955431228841
422,2,10,1550.9795525074005,0.0005,6,10,0.5,100,fl,-22.113015402217684,10.9191661381054,9.778103351993973
428,8,10,1327.131140947342,0.0005,6,10,1.0,10,central,-10.175491834900996,0.4274062623373056,
429,8,10,1327.131140947342,0.0005,6,10,1.0,10,local,-4901.150647560617,16.083434622657016,16.078109342105
430,8,10,1327.131140947342,0.0005,6,10,1.0,10,fl,-30.919164076951365,15.21704874134106,15.2115218874958
436,8,10,97.55703353881836,0.0005,6,10,0.0,25,central,-9.629951725947937,0.2851097845746242,
437,8,10,97.55703353881836,0.0005,6,10,0.0,25,local,-1182.264835977075,16.032018876447648,15.99258347550265
438,8,10,97.55703353881836,0.0005,6,10,0.0,25,fl,-1134.8435186900085,15.857574585203219,15.824791105613127
440,0,10,266.2522668838501,0.0005,6,10,0.0,50,central,-86.70506956878504,4.770281850331641,
441,0,10,266.2522668838501,0.0005,6,10,0.0,50,local,-602.0202770564006,11.684876461708802,11.320894707022578
442,0,10,266.2522668838501,0.0005,6,10,0.0,50,fl,-606.4481872942993,11.756098442702449,11.179038563318352
468,5,10,269.91852855682373,0.0005,6,10,0.0,10,central,-10.067619072105519,0.36176784066543144,
469,5,10,269.91852855682373,0.0005,6,10,0.0,10,local,-5578.527958559003,13.898049390311485,13.899389628413491
470,5,10,269.91852855682373,0.0005,6,10,0.0,10,fl,-8696.147398254681,14.016607235923733,14.020375674499835
504,5,10,1305.924721956253,0.0005,6,10,1.0,25,central,-9.707418665473245,0.27025449375171684,
505,5,10,1305.924721956253,0.0005,6,10,1.0,25,local,-1025.787263350679,13.601092134644777,13.600627962019232
506,5,10,1305.924721956253,0.0005,6,10,1.0,25,fl,-24.21208441369971,11.62244115788745,11.61099457542737
516,5,10,1270.764189004898,0.0005,6,10,0.5,25,central,-9.707418665473245,0.27025449375171684,
517,5,10,1270.764189004898,0.0005,6,10,0.5,25,local,-1025.787263350679,13.601092134644777,13.600627962019232
518,5,10,1270.764189004898,0.0005,6,10,0.5,25,fl,-24.847378213631217,11.75265363493289,11.743249153681615
560,8,10,1369.2545237541199,0.0005,6,10,0.5,10,central,-10.175491834900996,0.4274062623373056,
561,8,10,1369.2545237541199,0.0005,6,10,0.5,10,local,-4901.150647560617,16.083434622657016,16.078109342105
562,8,10,1369.2545237541199,0.0005,6,10,0.5,10,fl,-33.784255591421335,15.485421809357266,15.480209591624273
568,2,10,1508.178388595581,0.0005,6,10,1.0,100,central,-85.84779153690053,3.2377757494690314,
569,2,10,1508.178388595581,0.0005,6,10,1.0,100,local,-543.1975855991254,13.10603463641832,11.521955431228841
570,2,10,1508.178388595581,0.0005,6,10,1.0,100,fl,-21.727862253672917,11.006555983272833,9.841586983038146
584,4,10,1289.695078611374,0.0005,6,10,1.0,10,central,-10.122424536955524,0.4227665610072931,
585,4,10,1289.695078611374,0.0005,6,10,1.0,10,local,-5596.907981625161,14.611164415173254,14.626254796321252
586,4,10,1289.695078611374,0.0005,6,10,1.0,10,fl,-29.22615232727899,13.95268453926332,13.967679072297562
620,4,10,147.97881531715393,0.0005,6,10,0.0,25,central,-9.620641784406889,0.32478644248660465,
621,4,10,147.97881531715393,0.0005,6,10,0.0,25,local,-1098.1592002803764,13.989118312208692,13.974279604133468
622,4,10,147.97881531715393,0.0005,6,10,0.0,25,fl,-1061.9397961890008,14.092154521879204,14.075744091282711
632,9,10,254.6303198337555,0.0005,6,10,0.0,10,central,-10.129485543565721,0.354273826251071,
633,9,10,254.6303198337555,0.0005,6,10,0.0,10,local,-3986.6780714451343,13.342294185588312,13.322146066105114
634,9,10,254.6303198337555,0.0005,6,10,0.0,10,fl,-3720.7313260122164,13.241325446777273,13.21902064422596
652,1,10,1372.2269701957703,0.0005,6,10,1.0,50,central,-9.346665801994696,0.18095246029335765,
653,1,10,1372.2269701957703,0.0005,6,10,1.0,50,local,-569.5346752102535,13.002901212419285,13.017821427946377
654,1,10,1372.2269701957703,0.0005,6,10,1.0,50,fl,-21.086806879782273,10.732457898735523,10.747772630551053
656,9,10,1325.6744859218597,0.0005,6,10,1.0,25,central,-9.477207279858428,0.2693178417907485,
657,9,10,1325.6744859218597,0.0005,6,10,1.0,25,local,-955.6633953973833,13.48486789165305,13.477305720243328
658,9,10,1325.6744859218597,0.0005,6,10,1.0,25,fl,-24.28388827865711,11.729439295629835,11.730142169923308
688,2,10,1361.6061880588531,0.0005,6,10,1.0,25,central,-9.54537264873421,0.3116074281724168,
689,2,10,1361.6061880588531,0.0005,6,10,1.0,25,local,-858.9201409019995,12.459258138010458,12.431800605995868
690,2,10,1361.6061880588531,0.0005,6,10,1.0,25,fl,-24.101306585848842,11.720782052487632,11.692527821628012
724,2,10,274.2774305343628,0.0005,6,10,0.0,10,central,-20.96993794352766,0.47293010609025155,
725,2,10,274.2774305343628,0.0005,6,10,0.0,10,local,-2993.374973252901,13.138563830691561,13.09899219954375
726,2,10,274.2774305343628,0.0005,6,10,0.0,10,fl,-4125.512337335992,13.005815013536685,12.962953764608304
744,7,10,282.8249657154083,0.0005,6,10,0.0,50,central,-9.216362980608832,0.16783033328212216,
745,7,10,282.8249657154083,0.0005,6,10,0.0,50,local,-675.3511378045887,12.491763773702338,12.491136776952182
746,7,10,282.8249657154083,0.0005,6,10,0.0,50,fl,-651.8716398859555,12.66075717910729,12.658786269732397
752,5,10,1320.0683708190918,0.0005,6,10,0.5,100,central,-9.29201608015579,0.14096204143441465,
753,5,10,1320.0683708190918,0.0005,6,10,0.5,100,local,-657.9722625757986,13.826709094679282,13.807764309379134
754,5,10,1320.0683708190918,0.0005,6,10,0.5,100,fl,-23.067477468806594,10.974243560512296,10.950760193107905
760,3,10,1486.041190624237,0.0005,6,10,0.5,10,central,-11.49581204106437,0.4685795952818243,
761,3,10,1486.041190624237,0.0005,6,10,0.5,10,local,-6142.8352603010735,15.223577574307214,15.204596905252481
762,3,10,1486.041190624237,0.0005,6,10,0.5,10,fl,-31.9290649338973,14.213548710395154,14.178087493282415
768,9,10,1262.247031211853,0.0005,6,10,1.0,100,central,-9.351883193814285,0.13957368751382532,
769,9,10,1262.247031211853,0.0005,6,10,1.0,100,local,-591.3888956829595,13.046560429035392,13.034006664223435
770,9,10,1262.247031211853,0.0005,6,10,1.0,100,fl,-20.494590084387408,10.090124799977694,10.072370068842568
792,4,10,273.78367948532104,0.0005,6,10,0.0,100,central,-9.149526079817267,0.11708744317136129,
793,4,10,273.78367948532104,0.0005,6,10,0.0,100,local,-706.7307419461047,14.175612994509482,14.177032157754647
794,4,10,273.78367948532104,0.0005,6,10,0.0,100,fl,-714.4400215815209,14.178553518827115,14.179890035946809
804,6,10,1278.0018646717072,0.0005,6,10,0.5,50,central,-9.160830914248008,0.1600024882434596,
805,6,10,1278.0018646717072,0.0005,6,10,0.5,50,local,-754.677487150886,13.783561249509606,13.770041636831456
806,6,10,1278.0018646717072,0.0005,6,10,0.5,50,fl,-20.713921874777004,10.676026991125084,10.665986192134453
836,6,10,1303.2500290870667,0.0005,6,10,1.0,50,central,-9.160830914248008,0.1600024882434596,
837,6,10,1303.2500290870667,0.0005,6,10,1.0,50,local,-754.677487150886,13.783561249509606,13.770041636831456
838,6,10,1303.2500290870667,0.0005,6,10,1.0,50,fl,-20.4116137433439,10.584417452760771,10.574825789133396
852,3,10,252.2331292629242,0.0005,6,10,0.0,25,central,-9.751845417260947,0.29538968901626644,
853,3,10,252.2331292629242,0.0005,6,10,0.0,25,local,-1118.3262483339481,14.565733622558616,14.577339720823014
854,3,10,252.2331292629242,0.0005,6,10,0.0,25,fl,-1051.6860308462615,15.308317058007379,15.321623758941332
888,9,10,468.4689178466797,0.0005,6,10,0.5,100,central,-9.351883193814292,0.13957368751382565,
889,9,10,468.4689178466797,0.0005,6,10,0.5,100,local,-591.3888956829658,13.046560429035392,13.03400666422343
890,9,10,468.4689178466797,0.0005,6,10,0.5,100,fl,-20.50039593251161,9.925151422217393,9.90868965962709
900,3,10,1332.9555442333221,0.0005,6,10,1.0,10,central,-11.49581204106437,0.4685795952818243,
901,3,10,1332.9555442333221,0.0005,6,10,1.0,10,local,-6142.8352603010735,15.223577574307214,15.204596905252481
902,3,10,1332.9555442333221,0.0005,6,10,1.0,10,fl,-29.327880636581142,14.01290665704784,13.973552729458017
904,5,10,1371.2836327552795,0.0005,6,10,1.0,100,central,-9.29201608015579,0.14096204143441465,
905,5,10,1371.2836327552795,0.0005,6,10,1.0,100,local,-657.9722625757986,13.826709094679282,13.807764309379134
906,5,10,1371.2836327552795,0.0005,6,10,1.0,100,fl,-22.52005789966928,11.105643491809897,11.08202535452876
928,8,10,271.2614469528198,0.0005,6,10,0.0,100,central,-9.25863090562944,0.11275629066854748,
929,8,10,271.2614469528198,0.0005,6,10,0.0,100,local,-881.8007130775843,15.611264766001298,15.614054861385242
930,8,10,271.2614469528198,0.0005,6,10,0.0,100,fl,-871.7039056304327,15.857894687205288,15.85268506041505
932,2,10,524.0837314128876,0.0005,6,10,0.5,25,central,-9.545372648734213,0.3116074281724164,
933,2,10,524.0837314128876,0.0005,6,10,0.5,25,local,-858.9201409019988,12.459258138010458,12.431800605995866
934,2,10,524.0837314128876,0.0005,6,10,0.5,25,fl,-25.0673827337258,11.74726073866631,11.717169541947344
972,3,10,1400.415491104126,0.0005,6,10,0.5,25,central,-9.751845417260947,0.29538968901626644,
973,3,10,1400.415491104126,0.0005,6,10,0.5,25,local,-1118.3262483339481,14.565733622558616,14.577339720823014
974,3,10,1400.415491104126,0.0005,6,10,0.5,25,fl,-26.532086029343617,14.517260400031597,14.506028800706492
992,9,10,271.7747163772583,0.0005,6,10,0.0,100,central,-9.351883193814285,0.13957368751382532,
993,9,10,271.7747163772583,0.0005,6,10,0.0,100,local,-591.3888956829595,13.046560429035392,13.034006664223435
994,9,10,271.7747163772583,0.0005,6,10,0.0,100,fl,-609.7324069309785,13.222978620716862,13.207884491307414
1012,4,10,1340.4311652183533,0.0005,6,10,1.0,100,central,-9.149526079817267,0.11708744317136129,
1013,4,10,1340.4311652183533,0.0005,6,10,1.0,100,local,-706.7307419461047,14.175612994509482,14.177032157754647
1014,4,10,1340.4311652183533,0.0005,6,10,1.0,100,fl,-21.27720096228509,11.089824505796967,11.085842152553024
1016,8,10,481.6113727092743,0.0005,6,10,0.5,100,central,-9.258630905629428,0.11275629066854764,
1017,8,10,481.6113727092743,0.0005,6,10,0.5,100,local,-881.8007130775875,15.611264766001323,15.61405486138526
1018,8,10,481.6113727092743,0.0005,6,10,0.5,100,fl,-22.76425860314712,13.478195566743688,13.469555339338907
1028,2,10,1499.778107881546,0.0005,6,10,1.0,10,central,-20.96993794352766,0.47293010609025155,
1029,2,10,1499.778107881546,0.0005,6,10,1.0,10,local,-2993.374973252901,13.138563830691561,13.09899219954375
1030,2,10,1499.778107881546,0.0005,6,10,1.0,10,fl,-27.725319259993302,12.290731152212004,12.242842901255516
1068,2,10,280.9488515853882,0.0005,6,10,0.0,25,central,-9.54537264873421,0.3116074281724168,
1069,2,10,280.9488515853882,0.0005,6,10,0.0,25,local,-858.9201409019995,12.459258138010458,12.431800605995868
1070,2,10,280.9488515853882,0.0005,6,10,0.0,25,fl,-785.1209109926157,12.609254315220982,12.592436319868806
1088,7,10,1397.4512293338776,0.0005,6,10,1.0,50,central,-9.216362980608832,0.16783033328212216,
1089,7,10,1397.4512293338776,0.0005,6,10,1.0,50,local,-675.3511378045887,12.491763773702338,12.491136776952182
1090,7,10,1397.4512293338776,0.0005,6,10,1.0,50,fl,-20.917404419247728,10.332131266258184,10.31946527211159
1104,7,10,1521.249615907669,0.0005,6,10,0.5,50,central,-9.216362980608832,0.16783033328212216,
1105,7,10,1521.249615907669,0.0005,6,10,0.5,50,local,-675.3511378045887,12.491763773702338,12.491136776952182
1106,7,10,1521.249615907669,0.0005,6,10,0.5,50,fl,-21.307089506684722,10.54779895946075,10.537081809813593
1128,5,10,112.0505599975586,0.0005,6,10,0.0,100,central,-9.292016080155772,0.14096204143441451,
1129,5,10,112.0505599975586,0.0005,6,10,0.0,100,local,-657.9722625758232,13.826709094679284,13.807764309379138
1130,5,10,112.0505599975586,0.0005,6,10,0.0,100,fl,-671.2105601943708,13.702260890515088,13.682372122430394
1144,2,10,1457.608238697052,0.0005,6,10,0.5,10,central,-20.96993794352766,0.47293010609025155,
1145,2,10,1457.608238697052,0.0005,6,10,0.5,10,local,-2993.374973252901,13.138563830691561,13.09899219954375
1146,2,10,1457.608238697052,0.0005,6,10,0.5,10,fl,-29.465094280853044,12.452681691816343,12.40750628540334
1152,8,10,1485.15988779068,0.0005,6,10,1.0,100,central,-9.25863090562944,0.11275629066854748,
1153,8,10,1485.15988779068,0.0005,6,10,1.0,100,local,-881.8007130775843,15.611264766001298,15.614054861385242
1154,8,10,1485.15988779068,0.0005,6,10,1.0,100,fl,-22.632287834167663,13.544163385567874,13.537445653571575
1168,4,10,1333.398066520691,0.0005,6,10,0.5,100,central,-9.149526079817267,0.11708744317136129,
1169,4,10,1333.398066520691,0.0005,6,10,0.5,100,local,-706.7307419461047,14.175612994509482,14.177032157754647
1170,4,10,1333.398066520691,0.0005,6,10,0.5,100,fl,-21.206373393871974,10.969623902777327,10.966095647230322
1176,6,10,280.54029417037964,0.0005,6,10,0.0,50,central,-9.160830914248008,0.1600024882434596,
1177,6,10,280.54029417037964,0.0005,6,10,0.0,50,local,-754.677487150886,13.783561249509606,13.770041636831456
1178,6,10,280.54029417037964,0.0005,6,10,0.0,50,fl,-778.1564225187863,13.637729679058797,13.632256270258816
1196,3,10,270.96649074554443,0.0005,6,10,0.0,10,central,-11.49581204106437,0.4685795952818243,
1197,3,10,270.96649074554443,0.0005,6,10,0.0,10,local,-6142.8352603010735,15.223577574307214,15.204596905252481
1198,3,10,270.96649074554443,0.0005,6,10,0.0,10,fl,-6864.820137190412,14.852714387432647,14.809613430300839
1244,3,10,1421.9305279254913,0.0005,6,10,1.0,25,central,-9.751845417260947,0.29538968901626644,
1245,3,10,1421.9305279254913,0.0005,6,10,1.0,25,local,-1118.3262483339481,14.565733622558616,14.577339720823014
1246,3,10,1421.9305279254913,0.0005,6,10,1.0,25,fl,-24.806129121488045,14.408208703164656,14.399242386405922
1256,4,10,487.6967897415161,0.0005,6,10,0.5,50,central,-9.243769351899228,0.19737806848149456,
1257,4,10,487.6967897415161,0.0005,6,10,0.5,50,local,-878.6002583938364,14.281467319981072,14.281257715201335
1258,4,10,487.6967897415161,0.0005,6,10,0.5,50,fl,-21.75611337888074,11.059565975309432,11.049430749175011
1272,6,10,109.17003107070923,0.0005,6,10,0.0,100,central,-9.390250283987115,0.13120855320359318,
1273,6,10,109.17003107070923,0.0005,6,10,0.0,100,local,-662.6945765512967,13.811182649449218,13.799339883149784
1274,6,10,109.17003107070923,0.0005,6,10,0.0,100,fl,-660.6550484505444,13.783990530192801,13.771935349023305
1304,1,10,1497.476586818695,0.0005,6,10,0.5,10,central,-13.58671305355477,0.5168587985843812,
1305,1,10,1497.476586818695,0.0005,6,10,0.5,10,local,-2848.5442623703884,13.368214462426693,13.28118121505347
1306,1,10,1497.476586818695,0.0005,6,10,0.5,10,fl,-30.95790413900401,12.86568859592739,12.79124167126513
1316,7,10,488.1095561981201,0.0005,6,10,0.5,100,central,-9.352466304147256,0.16742489774527566,
1317,7,10,488.1095561981201,0.0005,6,10,0.5,100,local,-504.1980394752889,12.227092785237064,12.221485676664653
1318,7,10,488.1095561981201,0.0005,6,10,0.5,100,fl,-21.094497085130378,9.755713545365175,9.741697259395858
1324,5,10,280.0332989692688,0.0005,6,10,0.0,50,central,-9.28484305619207,0.19299050501440282,
1325,5,10,280.0332989692688,0.0005,6,10,0.0,50,local,-787.86163940988,13.933992377161397,13.953337933249049
1326,5,10,280.0332989692688,0.0005,6,10,0.0,50,fl,-779.3618675664425,13.776804749804082,13.79672086764981
1348,0,10,277.3388695716858,0.0005,6,10,0.0,10,central,-10.3611866877082,0.36919911418379486,
1349,0,10,277.3388695716858,0.0005,6,10,0.0,10,local,-9102.327583563687,12.901242724896814,12.911635868517584
1350,0,10,277.3388695716858,0.0005,6,10,0.0,10,fl,-5043.6089496753,12.947532989980957,12.952572368106697
1376,0,10,471.8911306858063,0.0005,6,10,1.0,25,central,-9.43904898047457,0.27737530605144484,
1377,0,10,471.8911306858063,0.0005,6,10,1.0,25,local,-857.9812468649134,12.707374005419723,12.718494597034189
1378,0,10,471.8911306858063,0.0005,6,10,1.0,25,fl,-22.446948230450783,10.98248388843454,10.980742984158232
1380,8,10,1392.601599931717,0.0005,6,10,1.0,50,central,-9.338186041542635,0.17874506851265606,
1381,8,10,1392.601599931717,0.0005,6,10,1.0,50,local,-838.6629898850852,15.06772035316682,15.06934202592108
1382,8,10,1392.601599931717,0.0005,6,10,1.0,50,fl,-23.92635917729232,13.353893728295997,13.348901476536858
1416,0,10,492.81982684135437,0.0005,6,10,0.5,25,central,-9.43904898047457,0.27737530605144484,
1417,0,10,492.81982684135437,0.0005,6,10,0.5,25,local,-857.9812468649134,12.707374005419723,12.718494597034189
1418,0,10,492.81982684135437,0.0005,6,10,0.5,25,fl,-22.68669665457191,10.935481716296769,10.929106515767689
1420,8,10,1428.0204508304596,0.0005,6,10,0.5,50,central,-9.338186041542635,0.17874506851265606,
1421,8,10,1428.0204508304596,0.0005,6,10,0.5,50,local,-838.6629898850852,15.06772035316682,15.06934202592108
1422,8,10,1428.0204508304596,0.0005,6,10,0.5,50,fl,-24.473870856954118,13.469494577766785,13.46594081037423
1448,7,10,1465.7204868793488,0.0005,6,10,1.0,100,central,-9.352466304147255,0.16742489774527514,
1449,7,10,1465.7204868793488,0.0005,6,10,1.0,100,local,-504.1980394752912,12.22709278523707,12.22148567666466
1450,7,10,1465.7204868793488,0.0005,6,10,1.0,100,fl,-20.75271497926394,9.817637949880758,9.804846938206197
1452,1,10,1333.9556503295898,0.0005,6,10,1.0,10,central,-13.58671305355477,0.5168587985843812,
1453,1,10,1333.9556503295898,0.0005,6,10,1.0,10,local,-2848.5442623703884,13.368214462426693,13.28118121505347
1454,1,10,1333.9556503295898,0.0005,6,10,1.0,10,fl,-28.13045868407793,12.74942119226698,12.670345869538167
1488,9,10,267.02796816825867,0.0005,6,10,0.0,50,central,-9.34780216448721,0.19327532286263138,
1489,9,10,267.02796816825867,0.0005,6,10,0.0,50,local,-640.0627118923865,12.940083487925913,12.935353874808722
1490,9,10,267.02796816825867,0.0005,6,10,0.0,50,fl,-678.4633589151459,12.908886269509603,12.910321607081872
1492,1,10,268.89708852767944,0.0005,6,10,0.0,25,central,-9.897907695967515,0.25523871193148145,
1493,1,10,268.89708852767944,0.0005,6,10,0.0,25,local,-867.0081946217069,12.986472121876156,12.983938485552477
1494,1,10,268.89708852767944,0.0005,6,10,0.0,25,fl,-802.5366876054062,12.987215204046871,12.97848454614639
1508,4,10,1282.7573409080505,0.0005,6,10,1.0,50,central,-9.243769351899235,0.1973780684814951,
1509,4,10,1282.7573409080505,0.0005,6,10,1.0,50,local,-878.6002583938246,14.28146731998107,14.281257715201335
1510,4,10,1282.7573409080505,0.0005,6,10,1.0,50,fl,-21.631682684894674,11.164234878177828,11.15414137647588
1552,5,10,1301.102888584137,0.0005,6,10,1.0,50,central,-9.28484305619207,0.19299050501440282,
1553,5,10,1301.102888584137,0.0005,6,10,1.0,50,local,-787.86163940988,13.933992377161397,13.953337933249049
1554,5,10,1301.102888584137,0.0005,6,10,1.0,50,fl,-22.302118575291765,11.15365064963965,11.16024984266581
1576,8,10,275.32417464256287,0.0005,6,10,0.0,50,central,-9.338186041542635,0.17874506851265606,
1577,8,10,275.32417464256287,0.0005,6,10,0.0,50,local,-838.6629898850852,15.06772035316682,15.06934202592108
1578,8,10,275.32417464256287,0.0005,6,10,0.0,50,fl,-873.0796211590603,15.381197977962279,15.38016729189555
1580,0,10,285.4544234275818,0.0005,6,10,0.0,25,central,-9.439048980474556,0.27737530605144445,
1581,0,10,285.4544234275818,0.0005,6,10,0.0,25,local,-857.9812468648977,12.707374005419723,12.718494597034189
1582,0,10,285.4544234275818,0.0005,6,10,0.0,25,fl,-850.1496342135254,12.302859389203547,12.31214270478411
1608,0,10,1418.407327413559,0.0005,6,10,1.0,10,central,-10.3611866877082,0.36919911418379486,
1609,0,10,1418.407327413559,0.0005,6,10,1.0,10,local,-9102.327583563687,12.901242724896814,12.911635868517584
1610,0,10,1418.407327413559,0.0005,6,10,1.0,10,fl,-28.443293277166884,12.180337700085953,12.193716058784469
1620,6,10,1418.794487953186,0.0005,6,10,1.0,100,central,-9.390250283987093,0.13120855320359331,
1621,6,10,1418.794487953186,0.0005,6,10,1.0,100,local,-662.6945765512747,13.811182649449222,13.799339883149788
1622,6,10,1418.794487953186,0.0005,6,10,1.0,100,fl,-21.1393783492331,11.042313298992662,11.029964563820856
1660,1,10,717.5078072547913,0.0005,6,10,0.5,25,central,-9.897907695967485,0.2552387119314818,
1661,1,10,717.5078072547913,0.0005,6,10,0.5,25,local,-867.0081946216906,12.986472121876156,12.983938485552477
1662,1,10,717.5078072547913,0.0005,6,10,0.5,25,fl,-25.138614301157787,12.289859184645099,12.279760378726952
1664,9,10,1228.9898660182953,0.0005,6,10,0.5,50,central,-9.34780216448721,0.19327532286263138,
1665,9,10,1228.9898660182953,0.0005,6,10,0.5,50,local,-640.0627118923865,12.940083487925913,12.935353874808722
1666,9,10,1228.9898660182953,0.0005,6,10,0.5,50,fl,-21.626157155396225,10.23909920343024,10.228684943674981
1672,1,10,474.8766579627991,0.0005,6,10,1.0,25,central,-9.897907695967483,0.2552387119314818,
1673,1,10,474.8766579627991,0.0005,6,10,1.0,25,local,-867.0081946217024,12.986472121876153,12.983938485552477
1674,1,10,474.8766579627991,0.0005,6,10,1.0,25,fl,-23.574750254369516,12.132607124288867,12.122979938522969
1676,9,10,1252.9775249958038,0.0005,6,10,1.0,50,central,-9.34780216448721,0.19327532286263138,
1677,9,10,1252.9775249958038,0.0005,6,10,1.0,50,local,-640.0627118923865,12.940083487925913,12.935353874808722
1678,9,10,1252.9775249958038,0.0005,6,10,1.0,50,fl,-21.1186980048738,10.313982564703018,10.306871190664337
1716,1,10,252.22323489189148,0.0005,6,10,0.0,10,central,-13.58671305355477,0.5168587985843812,
1717,1,10,252.22323489189148,0.0005,6,10,0.0,10,local,-2848.5442623703884,13.368214462426693,13.28118121505347
1718,1,10,252.22323489189148,0.0005,6,10,0.0,10,fl,-3524.359341076767,13.354553079308982,13.270085996478096
1740,4,10,269.27667593955994,0.0005,6,10,0.0,50,central,-9.243769351899235,0.1973780684814951,
1741,4,10,269.27667593955994,0.0005,6,10,0.0,50,local,-878.6002583938246,14.28146731998107,14.281257715201335
1742,4,10,269.27667593955994,0.0005,6,10,0.0,50,fl,-784.5485044048141,14.180317558690154,14.180705252376537
1748,6,10,1328.9357645511627,0.0005,6,10,0.5,100,central,-9.390250283987093,0.13120855320359331,
1749,6,10,1328.9357645511627,0.0005,6,10,0.5,100,local,-662.6945765512747,13.811182649449222,13.799339883149788
1750,6,10,1328.9357645511627,0.0005,6,10,0.5,100,fl,-21.670306366958318,10.965685043762539,10.950833158841064
1772,0,10,1314.46342420578,0.0005,6,10,0.5,10,central,-10.3611866877082,0.36919911418379486,
1773,0,10,1314.46342420578,0.0005,6,10,0.5,10,local,-9102.327583563687,12.901242724896814,12.911635868517584
1774,0,10,1314.46342420578,0.0005,6,10,0.5,10,fl,-30.78767095810113,12.349804866875825,12.361543276216025
1792,7,10,269.9795928001404,0.0005,6,10,0.0,100,central,-9.352466304147255,0.16742489774527514,
1793,7,10,269.9795928001404,0.0005,6,10,0.0,100,local,-504.1980394752912,12.22709278523707,12.22148567666466
1794,7,10,269.9795928001404,0.0005,6,10,0.0,100,fl,-518.3399348025562,12.097277589965548,12.083397255004025
1820,5,10,1366.688505411148,0.0005,6,10,0.5,50,central,-9.28484305619207,0.19299050501440282,
1821,5,10,1366.688505411148,0.0005,6,10,0.5,50,local,-787.86163940988,13.933992377161397,13.953337933249049
1822,5,10,1366.688505411148,0.0005,6,10,0.5,50,fl,-22.99469672860055,11.25310718486828,11.262551418301424
1836,6,10,774.4521856307983,0.0005,6,10,0.5,25,central,-9.777128843656877,0.28875709003503164,
1837,6,10,774.4521856307983,0.0005,6,10,0.5,25,local,-964.0124579244255,13.744489303863807,13.720227465040631
1838,6,10,774.4521856307983,0.0005,6,10,0.5,25,fl,-25.22500955687736,11.842711190002792,11.804501683199424
1868,1,10,445.0218324661255,0.0005,6,10,1.0,100,central,-69.33562698943575,2.3584999485500755,
1869,1,10,445.0218324661255,0.0005,6,10,1.0,100,local,-599.3660171782446,13.10514194796654,12.704581594945656
1870,1,10,445.0218324661255,0.0005,6,10,1.0,100,fl,-20.88315980659096,11.32385793017346,11.53869491354202
1872,7,10,1422.6377420425415,0.0005,6,10,1.0,10,central,-10.720075748500884,0.3979489589025014,
1873,7,10,1422.6377420425415,0.0005,6,10,1.0,10,local,-3386.894910971422,12.6088015464191,12.531012433370313
1874,7,10,1422.6377420425415,0.0005,6,10,1.0,10,fl,-29.080437672520826,12.028950293680476,11.946273027365091
1904,7,10,111.62972378730774,0.0005,6,10,0.0,25,central,-9.511139181896937,0.26428735648768326,
1905,7,10,111.62972378730774,0.0005,6,10,0.0,25,local,-842.3010879943579,12.342336572768856,12.303087295245685
1906,7,10,111.62972378730774,0.0005,6,10,0.0,25,fl,-862.7281076852645,12.568497363461008,12.53020961915496
1928,2,10,1464.3719129562378,0.0005,6,10,1.0,50,central,-9.37127904769983,0.21206364030733205,
1929,2,10,1464.3719129562378,0.0005,6,10,1.0,50,local,-713.612650932019,13.799076141458206,13.793117551938025
1930,2,10,1464.3719129562378,0.0005,6,10,1.0,50,fl,-21.76223323335428,11.848576457101416,11.838538250641928
1972,2,10,515.2499344348907,0.0005,6,10,0.5,50,central,-9.371279047699819,0.21206364030733282,
1973,2,10,515.2499344348907,0.0005,6,10,0.5,50,local,-713.6126509320321,13.79907614145819,13.793117551938014
1974,2,10,515.2499344348907,0.0005,6,10,0.5,50,fl,-22.082028965438685,11.814155857090421,11.807564481035186
1992,0,10,255.96541357040405,0.0005,6,10,0.0,100,central,-9.11738045623532,0.12044051665114165,
1993,0,10,255.96541357040405,0.0005,6,10,0.0,100,local,-525.8644312897928,11.992683430209876,11.988268271540933
1994,0,10,255.96541357040405,0.0005,6,10,0.0,100,fl,-528.067713782731,12.370695797464915,12.364470456998745
2016,7,10,1416.5675766468048,0.0005,6,10,0.5,10,central,-10.720075748500884,0.3979489589025014,
2017,7,10,1416.5675766468048,0.0005,6,10,0.5,10,local,-3386.894910971422,12.6088015464191,12.531012433370313
2018,7,10,1416.5675766468048,0.0005,6,10,0.5,10,fl,-31.48379821808017,12.183996825853413,12.100541205818466
2032,1,10,1307.4938125610352,0.0005,6,10,0.5,100,central,-69.33562698943754,2.3584999485500737,
2033,1,10,1307.4938125610352,0.0005,6,10,0.5,100,local,-599.3660171782772,13.105141947966539,12.704581594945651
2034,1,10,1307.4938125610352,0.0005,6,10,0.5,100,fl,-21.14432758016575,11.287515174887568,11.510603467226085
2040,3,10,280.611656665802,0.0005,6,10,0.0,50,central,-9.285576580850202,0.1373967804152843,
2041,3,10,280.611656665802,0.0005,6,10,0.0,50,local,-817.4090370563498,15.360614086813731,15.361542707104288
2042,3,10,280.611656665802,0.0005,6,10,0.0,50,fl,-860.1008968535459,15.78197242883419,15.777585555274598
2068,6,10,277.3117198944092,0.0005,6,10,0.0,10,central,-10.211359972006278,0.41906399750560785,
2069,6,10,277.3117198944092,0.0005,6,10,0.0,10,local,-4503.428622288621,14.02819002854962,13.96659137147256
2070,6,10,277.3117198944092,0.0005,6,10,0.0,10,fl,-3150.8232542730843,14.28022938986362,14.219757316646337
2100,6,10,1269.6873145103455,0.0005,6,10,1.0,25,central,-9.77712884365691,0.28875709003503197,
2101,6,10,1269.6873145103455,0.0005,6,10,1.0,25,local,-964.0124579244448,13.744489303863807,13.720227465040631
2102,6,10,1269.6873145103455,0.0005,6,10,1.0,25,fl,-23.999886594153,11.656439903255416,11.620643378351708
2116,7,10,1374.7305777072906,0.0005,6,10,1.0,25,central,-9.511139181896947,0.2642873564876829,
2117,7,10,1374.7305777072906,0.0005,6,10,1.0,25,local,-842.3010879943586,12.342336572768856,12.303087295245685
2118,7,10,1374.7305777072906,0.0005,6,10,1.0,25,fl,-24.048103238177095,11.19722675781057,11.145761578856247
2148,7,10,270.89768290519714,0.0005,6,10,0.0,10,central,-10.720075748500884,0.3979489589025014,
2149,7,10,270.89768290519714,0.0005,6,10,0.0,10,local,-3386.894910971422,12.6088015464191,12.531012433370313
2150,7,10,270.89768290519714,0.0005,6,10,0.0,10,fl,-3938.6985020196794,12.597951517255378,12.516475345486246
2172,2,10,300.0201847553253,0.0005,6,10,0.0,50,central,-9.37127904769983,0.21206364030733205,
2173,2,10,300.0201847553253,0.0005,6,10,0.0,50,local,-713.612650932019,13.799076141458206,13.793117551938025
2174,2,10,300.0201847553253,0.0005,6,10,0.0,50,fl,-696.3928155884465,13.89591697260109,13.892425281495036
2188,0,10,1468.2869930267334,0.0005,6,10,0.5,100,central,-9.11738045623532,0.12044051665114165,
2189,0,10,1468.2869930267334,0.0005,6,10,0.5,100,local,-525.8644312897928,11.992683430209876,11.988268271540933
2190,0,10,1468.2869930267334,0.0005,6,10,0.5,100,fl,-20.902161123115768,10.658899723819207,10.650208404735292
2212,6,10,1267.9578671455383,0.0005,6,10,0.5,10,central,-10.211359972006278,0.41906399750560785,
2213,6,10,1267.9578671455383,0.0005,6,10,0.5,10,local,-4503.428622288621,14.02819002854962,13.96659137147256
2214,6,10,1267.9578671455383,0.0005,6,10,0.5,10,fl,-32.1618254013361,13.795729824685466,13.74591186489811
2232,1,10,266.83656787872314,0.0005,6,10,0.0,100,central,-69.33562698943754,2.3584999485500737,
2233,1,10,266.83656787872314,0.0005,6,10,0.0,100,local,-599.3660171782772,13.105141947966539,12.704581594945651
2234,1,10,266.83656787872314,0.0005,6,10,0.0,100,fl,-554.0454148681463,13.60317677125106,13.258873050440027
2260,3,10,498.88065552711487,0.0005,6,10,0.5,50,central,-9.285576580850272,0.13739678041528466,
2261,3,10,498.88065552711487,0.0005,6,10,0.5,50,local,-817.4090370563702,15.360614086813735,15.361542707104288
2262,3,10,498.88065552711487,0.0005,6,10,0.5,50,fl,-22.976425636282652,14.596272642497604,14.595234119513915
2280,3,10,1396.243840456009,0.0005,6,10,1.0,50,central,-9.285576580850202,0.1373967804152843,
2281,3,10,1396.243840456009,0.0005,6,10,1.0,50,local,-817.4090370563498,15.360614086813731,15.361542707104288
2282,3,10,1396.243840456009,0.0005,6,10,1.0,50,fl,-22.338317782580514,14.573606426063327,14.572283009864682
2308,6,10,105.14563059806824,0.0005,6,10,0.0,25,central,-9.777128843656877,0.28875709003503164,
2309,6,10,105.14563059806824,0.0005,6,10,0.0,25,local,-964.0124579244255,13.744489303863807,13.720227465040631
2310,6,10,105.14563059806824,0.0005,6,10,0.0,25,fl,-1002.2120108924264,13.467219513997515,13.434123186436683
2340,6,10,1239.5910351276398,0.0005,6,10,1.0,10,central,-10.211359972006278,0.41906399750560785,
2341,6,10,1239.5910351276398,0.0005,6,10,1.0,10,local,-4503.428622288621,14.02819002854962,13.96659137147256
2342,6,10,1239.5910351276398,0.0005,6,10,1.0,10,fl,-29.361158197670836,13.616811459598438,13.56355291703822
2356,0,10,507.77360939979553,0.0005,6,10,1.0,100,central,-9.117380456235319,0.12044051665114248,
2357,0,10,507.77360939979553,0.0005,6,10,1.0,100,local,-525.8644312897874,11.99268343020987,11.988268271540928
2358,0,10,507.77360939979553,0.0005,6,10,1.0,100,fl,-20.38982510101245,10.589841607464162,10.579951368854106
2392,7,10,882.4837467670441,0.0005,6,10,0.5,25,central,-9.511139181896937,0.26428735648768326,
2393,7,10,882.4837467670441,0.0005,6,10,0.5,25,local,-842.3010879943579,12.342336572768856,12.303087295245685
2394,7,10,882.4837467670441,0.0005,6,10,0.5,25,fl,-25.530832551341245,11.54316879763582,11.492107399376039
