,seed,D,runtime_sec,lr,K,n_clients,lambda,N,alpha,algorithm,Log-likelihood,err_true,err_central
8,4,10,1451.1242299079895,0.0005,3,10,1,100,0.2,central,-15.267158507384172,0.1897912154422231,
9,4,10,1451.1242299079895,0.0005,3,10,1,100,0.2,local,-16.31755841768707,8.021281947392328,8.005798703733138
10,4,10,1451.1242299079895,0.0005,3,10,1,100,0.2,fl,-15.757984942063464,5.481103231291973,5.4550361442227695
24,5,10,1363.9480333328247,0.0005,3,10,1,10,1.0,central,-15.657411628061528,0.6354390891464492,
25,5,10,1363.9480333328247,0.0005,3,10,1,10,1.0,local,-85.97536819017009,5.012581202660771,4.890973982912559
26,5,10,1363.9480333328247,0.0005,3,10,1,10,1.0,fl,-22.810360256739862,5.4917685759466455,5.354860476118286
28,4,10,1627.3921763896942,0.0005,3,10,1,50,0.2,central,-15.270136627681572,0.26949296109114146,
29,4,10,1627.3921763896942,0.0005,3,10,1,50,0.2,local,-20.050087675110895,9.248651628525973,9.215404649068635
30,4,10,1627.3921763896942,0.0005,3,10,1,50,0.2,fl,-17.342457296856434,6.448545034800645,6.405361625811631
36,3,10,1477.9575355052948,0.0005,3,10,1,50,1.0,central,-15.266157092623242,0.33249794637486846,
37,3,10,1477.9575355052948,0.0005,3,10,1,50,1.0,local,-17.536273436317614,2.171910008552988,2.0993727239782176
38,3,10,1477.9575355052948,0.0005,3,10,1,50,1.0,fl,-16.717983225053004,2.3100388550539797,2.2331659058964597
40,2,10,1223.9205467700958,0.0005,3,10,1,10,0.2,central,-15.640929132037439,0.668290242126868,
41,2,10,1223.9205467700958,0.0005,3,10,1,10,0.2,local,-38.48998237959904,9.780126974206555,9.73367302304166
42,2,10,1223.9205467700958,0.0005,3,10,1,10,0.2,fl,-20.282780375264103,8.780591251196729,8.78552462165328
48,9,10,1198.818990945816,0.0005,3,10,1,10,10.0,central,-15.472086783264746,0.4836989079863163,
49,9,10,1198.818990945816,0.0005,3,10,1,10,10.0,local,-69.50782310116924,1.7054753084386587,1.6340347074329196
50,9,10,1198.818990945816,0.0005,3,10,1,10,10.0,fl,-18.395626597932953,1.6357016043753458,1.5417075458424117
64,0,10,1268.9201030731201,0.0005,3,10,1,25,10.0,central,-15.255272763722427,0.4295525114762917,
65,0,10,1268.9201030731201,0.0005,3,10,1,25,10.0,local,-18.278999729910467,1.1440791601901863,1.054987736453199
66,0,10,1268.9201030731201,0.0005,3,10,1,25,10.0,fl,-15.857179233528573,0.7916711606270567,0.6605296302658143
72,3,10,1401.5740976333618,0.0005,3,10,1,100,1.0,central,-15.218600101246045,0.25401133452492547,
73,3,10,1401.5740976333618,0.0005,3,10,1,100,1.0,local,-15.635506835333988,2.483784693099536,2.4502183672250086
74,3,10,1401.5740976333618,0.0005,3,10,1,100,1.0,fl,-15.741295410852729,1.4266709751275575,1.3894764742709214
80,1,10,1373.2981989383698,0.0005,3,10,1,100,10.0,central,-15.288126735670645,0.2311445323869351,
81,1,10,1373.2981989383698,0.0005,3,10,1,100,10.0,local,-15.613312216890156,0.55295381242748,0.497218768026095
82,1,10,1373.2981989383698,0.0005,3,10,1,100,10.0,fl,-15.417833198043747,0.4058194886229735,0.33195072267782083
92,8,10,1379.2059586048126,0.0005,3,10,1,100,0.2,central,-15.362789188430536,0.1830366678766838,
93,8,10,1379.2059586048126,0.0005,3,10,1,100,0.2,local,-16.025380254792758,9.007663295336261,8.988032686045262
94,8,10,1379.2059586048126,0.0005,3,10,1,100,0.2,fl,-15.27629667448303,6.871034888754325,6.838279607413186
112,7,10,1346.9507732391357,0.0005,3,10,1,25,1.0,central,-15.260337251066312,0.32870360957049316,
113,7,10,1346.9507732391357,0.0005,3,10,1,25,1.0,local,-27.87173656180005,3.3102317396874112,3.264050249331048
114,7,10,1346.9507732391357,0.0005,3,10,1,25,1.0,fl,-18.867916738132017,4.119541060035977,4.073822797329518
116,8,10,1461.790500164032,0.0005,3,10,1,50,0.2,central,-15.394095733822315,0.25409390020948086,
117,8,10,1461.790500164032,0.0005,3,10,1,50,0.2,local,-19.962222395630402,10.305935410986566,10.268681387854121
118,8,10,1461.790500164032,0.0005,3,10,1,50,0.2,fl,-16.429804625400692,7.665412782431799,7.637648742436532
120,9,10,1360.2287533283234,0.0005,3,10,1,10,1.0,central,-15.62649720063754,0.5876535757106689,
121,9,10,1360.2287533283234,0.0005,3,10,1,10,1.0,local,-95.6058271467314,4.953606502120445,4.855570550594935
122,9,10,1360.2287533283234,0.0005,3,10,1,10,1.0,fl,-22.499988677424216,4.724780998770343,4.706069529387785
128,0,10,1314.528104543686,0.0005,3,10,1,25,0.2,central,-15.284917184647275,0.4123700592418668,
129,0,10,1314.528104543686,0.0005,3,10,1,25,0.2,local,-22.01169806134669,7.011127162239373,7.010436171003572
130,0,10,1314.528104543686,0.0005,3,10,1,25,0.2,fl,-16.856156167462473,6.35318550997828,6.378500946807112
132,3,10,1467.8682940006256,0.0005,3,10,1,50,10.0,central,-15.262999469934769,0.30490366457006246,
133,3,10,1467.8682940006256,0.0005,3,10,1,50,10.0,local,-16.012355849708335,0.7754183445079794,0.7076679875953393
134,3,10,1467.8682940006256,0.0005,3,10,1,50,10.0,fl,-15.503401721309038,0.5498810432654596,0.45591094930265824
160,5,10,1144.3286173343658,0.0005,3,10,1,10,10.0,central,-15.679805443712917,0.5671913099036027,
161,5,10,1144.3286173343658,0.0005,3,10,1,10,10.0,local,-106.72062568041683,1.6391933523314344,1.5424898967919327
162,5,10,1144.3286173343658,0.0005,3,10,1,10,10.0,fl,-18.363019871141304,1.3266374094837268,1.1924039925809347
204,4,10,1314.7182836532593,0.0005,3,10,1,10,10.0,central,-15.551696675597046,0.47196746044513566,
205,4,10,1314.7182836532593,0.0005,3,10,1,10,10.0,local,-80.93846486546798,1.7437285786810708,1.6790717009521319
206,4,10,1314.7182836532593,0.0005,3,10,1,10,10.0,fl,-18.814239748229557,1.6262908112757064,1.5132029798449764
220,1,10,1180.8051071166992,0.0005,3,10,1,25,0.2,central,-15.357678493976106,0.33443592072095507,
221,1,10,1180.8051071166992,0.0005,3,10,1,25,0.2,local,-24.70184281597862,10.286520384039537,10.286329062877837
222,1,10,1180.8051071166992,0.0005,3,10,1,25,0.2,fl,-16.477335869631343,8.297957970922724,8.288828513228449
224,2,10,1326.4739391803741,0.0005,3,10,1,50,10.0,central,-15.313820214134267,0.21644868814314874,
225,2,10,1326.4739391803741,0.0005,3,10,1,50,10.0,local,-16.16750657812643,0.7985392849354811,0.7628455131370362
226,2,10,1326.4739391803741,0.0005,3,10,1,50,10.0,fl,-15.59854156200762,0.5382384015407503,0.4867406542266493
244,9,10,1267.5590295791626,0.0005,3,10,1,50,0.2,central,-15.310639189921332,0.23479964294813951,
245,9,10,1267.5590295791626,0.0005,3,10,1,50,0.2,local,-18.30546076667209,8.886617117220153,8.83929717878623
246,9,10,1267.5590295791626,0.0005,3,10,1,50,0.2,fl,-16.610908805254244,7.517301428395873,7.460234684667922
248,8,10,1531.6552805900574,0.0005,3,10,1,10,1.0,central,-15.6631232897718,0.5487011528023794,
249,8,10,1531.6552805900574,0.0005,3,10,1,10,1.0,local,-79.06219915922232,5.011944620703108,4.959962014999146
250,8,10,1531.6552805900574,0.0005,3,10,1,10,1.0,fl,-21.492956856523232,5.301981543189226,5.291141444056948
264,6,10,1240.7594571113586,0.0005,3,10,1,25,1.0,central,-15.28732205991265,0.3696270112942152,
265,6,10,1240.7594571113586,0.0005,3,10,1,25,1.0,local,-30.748801883195057,3.0150366727392015,2.9539820572511486
266,6,10,1240.7594571113586,0.0005,3,10,1,25,1.0,fl,-20.055868123534978,4.365483048879367,4.368137729525551
268,9,10,1307.3979613780975,0.0005,3,10,1,100,0.2,central,-15.23954797034892,0.17537361937361692,
269,9,10,1307.3979613780975,0.0005,3,10,1,100,0.2,local,-16.060826912062915,7.930440652132896,7.928289463900235
270,9,10,1307.3979613780975,0.0005,3,10,1,100,0.2,fl,-15.526879366569556,6.54951560920473,6.5500666321916965
288,0,10,1432.123990058899,0.0005,3,10,1,100,10.0,central,-15.176419603108542,0.2497368319815799,
289,0,10,1432.123990058899,0.0005,3,10,1,100,10.0,local,-15.481945668397689,0.5489755330227865,0.48839177335683015
290,0,10,1432.123990058899,0.0005,3,10,1,100,10.0,fl,-15.314407022144755,0.4069083477799884,0.32068410723274104
292,2,10,1346.2517297267914,0.0005,3,10,1,100,1.0,central,-15.313664583918367,0.1697865362556632,
293,2,10,1346.2517297267914,0.0005,3,10,1,100,1.0,local,-16.170922513521763,3.0858658354609263,3.0623100770483282
294,2,10,1346.2517297267914,0.0005,3,10,1,100,1.0,fl,-16.054684920518486,1.687154194924426,1.6442668789490789
296,1,10,1148.2573981285095,0.0005,3,10,1,25,10.0,central,-15.34329430342109,0.3145675438788113,
297,1,10,1148.2573981285095,0.0005,3,10,1,25,10.0,local,-17.71246115647034,1.0475832517626125,0.998272140983594
298,1,10,1148.2573981285095,0.0005,3,10,1,25,10.0,fl,-15.893319171694733,0.709073291624102,0.6389092183507142
316,8,10,1538.2654159069061,0.0005,3,10,1,10,10.0,central,-15.478831114187955,0.37880627086631496,
317,8,10,1538.2654159069061,0.0005,3,10,1,10,10.0,local,-48.80616605514216,1.6841980340929692,1.6455683547763988
318,8,10,1538.2654159069061,0.0005,3,10,1,10,10.0,fl,-17.535054896808877,1.2580523645908457,1.1986348026725746
320,2,10,1414.522575378418,0.0005,3,10,1,50,1.0,central,-15.32478474353169,0.3100175905577014,
321,2,10,1414.522575378418,0.0005,3,10,1,50,1.0,local,-18.368225841948895,2.2338781335943443,2.1667662880999936
322,2,10,1414.522575378418,0.0005,3,10,1,50,1.0,fl,-16.511719499516072,1.7927594125483743,1.7044361674066824
324,3,10,1327.066645860672,0.0005,3,10,1,10,0.2,central,-15.474038454048706,0.6267325722908867,
325,3,10,1327.066645860672,0.0005,3,10,1,10,0.2,local,-40.28953202937378,8.37522722948859,8.351502496919496
326,3,10,1327.066645860672,0.0005,3,10,1,10,0.2,fl,-20.946205412285707,7.54921630704124,7.502885444864816
340,4,10,1351.4757013320923,0.0005,3,10,1,10,1.0,central,-15.551360924977441,0.4653156201491597,
341,4,10,1351.4757013320923,0.0005,3,10,1,10,1.0,local,-87.99426553111466,5.259430350687636,5.216348013986932
342,4,10,1351.4757013320923,0.0005,3,10,1,10,1.0,fl,-24.48030771118608,6.418493773515882,6.380502003818938
344,5,10,1290.1556363105774,0.0005,3,10,1,50,0.2,central,-15.323111636130283,0.2989130395796859,
345,5,10,1290.1556363105774,0.0005,3,10,1,50,0.2,local,-18.83187219278455,8.841229413595267,8.791972201931152
346,5,10,1290.1556363105774,0.0005,3,10,1,50,0.2,fl,-17.419306096562295,6.583825276219789,6.505911978851961
352,5,10,1374.2463173866272,0.0005,3,10,1,100,0.2,central,-15.297862671158057,0.16588138766248275,
353,5,10,1374.2463173866272,0.0005,3,10,1,100,0.2,local,-17.352726786305716,7.744171655893544,7.7167711189094685
354,5,10,1374.2463173866272,0.0005,3,10,1,100,0.2,fl,-16.245468836616038,6.092386709791043,6.048078748380617
396,1,10,1206.17471408844,0.0005,3,10,1,25,1.0,central,-15.409871032888706,0.37792729227842786,
397,1,10,1206.17471408844,0.0005,3,10,1,25,1.0,local,-22.49208487342815,3.4002549788694467,3.3504603905210955
398,1,10,1206.17471408844,0.0005,3,10,1,25,1.0,fl,-16.913680250796308,3.7835747378537534,3.722262675135293
408,6,10,1368.809387922287,0.0005,3,10,1,25,0.2,central,-15.265738969602376,0.35002653840245096,
409,6,10,1368.809387922287,0.0005,3,10,1,25,0.2,local,-24.46882481831551,11.03323417350098,11.02806577917131
410,6,10,1368.809387922287,0.0005,3,10,1,25,0.2,fl,-17.61764338543966,8.66788972588647,8.646606427609742
412,5,10,1222.5671834945679,0.0005,3,10,1,50,10.0,central,-15.327130215983598,0.2775600577434964,
413,5,10,1222.5671834945679,0.0005,3,10,1,50,10.0,local,-16.124573106485908,0.7849369192557292,0.7368438258639145
414,5,10,1222.5671834945679,0.0005,3,10,1,50,10.0,fl,-15.594570879007804,0.546998316335631,0.4726833899449476
428,9,10,1211.6408550739288,0.0005,3,10,1,50,1.0,central,-15.304792575124134,0.22142854244919097,
429,9,10,1211.6408550739288,0.0005,3,10,1,50,1.0,local,-17.00526718886124,2.4675046701699515,2.436544523586025
430,9,10,1211.6408550739288,0.0005,3,10,1,50,1.0,fl,-16.062155977619575,2.320672828714069,2.265280356020704
432,8,10,1428.063048839569,0.0005,3,10,1,10,0.2,central,-15.607234161871736,0.600809718289803,
433,8,10,1428.063048839569,0.0005,3,10,1,10,0.2,local,-44.38841376498852,13.419947293870013,13.45356350663071
434,8,10,1428.063048839569,0.0005,3,10,1,10,0.2,fl,-20.860714165220546,11.442899871363323,11.51847397548067
444,3,10,1382.17786860466,0.0005,3,10,1,10,10.0,central,-15.49680536888398,0.6241891906328939,
445,3,10,1382.17786860466,0.0005,3,10,1,10,10.0,local,-47.12918740955855,1.7736685774772603,1.6634427541941963
446,3,10,1382.17786860466,0.0005,3,10,1,10,10.0,fl,-18.068846192214515,1.583237487649137,1.4271139633895165
468,9,10,1502.123699426651,0.0005,3,10,1,100,1.0,central,-15.237814976007822,0.15163212207297466,
469,9,10,1502.123699426651,0.0005,3,10,1,100,1.0,local,-15.960823922073606,1.6237090802726537,1.60326858025984
470,9,10,1502.123699426651,0.0005,3,10,1,100,1.0,fl,-15.939137812620453,0.9752757673940542,0.9430245692645208
480,2,10,1306.25133395195,0.0005,3,10,1,100,0.2,central,-15.327269465206475,0.1376731108763626,
481,2,10,1306.25133395195,0.0005,3,10,1,100,0.2,local,-16.190308069068333,6.734110749441733,6.739526798532464
482,2,10,1306.25133395195,0.0005,3,10,1,100,0.2,fl,-15.294427055390074,4.7878499285216405,4.77535148903898
496,2,10,1300.8778681755066,0.0005,3,10,1,50,0.2,central,-15.330503347067907,0.22851470243501368,
497,2,10,1300.8778681755066,0.0005,3,10,1,50,0.2,local,-16.917172047037177,7.244372589751654,7.2295667158137435
498,2,10,1300.8778681755066,0.0005,3,10,1,50,0.2,fl,-15.568769910908168,5.375058075814771,5.334066938931517
500,3,10,1390.616483449936,0.0005,3,10,1,10,1.0,central,-15.682827081489345,0.6148621886928786,
501,3,10,1390.616483449936,0.0005,3,10,1,10,1.0,local,-59.3905454301238,4.2147817122895015,4.122020154646484
502,3,10,1390.616483449936,0.0005,3,10,1,10,1.0,fl,-21.377407177232968,4.268490175071827,4.1912544136931125
504,4,10,1548.540932893753,0.0005,3,10,1,10,0.2,central,-15.620662389916646,0.6508557149220812,
505,4,10,1548.540932893753,0.0005,3,10,1,10,0.2,local,-51.62929651974649,12.52054428629215,12.414488041616028
506,4,10,1548.540932893753,0.0005,3,10,1,10,0.2,fl,-23.72766665050245,11.18808797738444,11.055662041429184
508,5,10,1348.4732723236084,0.0005,3,10,1,50,1.0,central,-15.319662690532315,0.2077037817616465,
509,5,10,1348.4732723236084,0.0005,3,10,1,50,1.0,local,-17.23488251272471,2.639818378931642,2.6197286561127457
510,5,10,1348.4732723236084,0.0005,3,10,1,50,1.0,fl,-16.892819662145484,3.007720297672926,2.9714109978535097
516,9,10,1382.7417814731598,0.0005,3,10,1,50,10.0,central,-15.290060074424611,0.24543880264455956,
517,9,10,1382.7417814731598,0.0005,3,10,1,50,10.0,local,-16.09546879918235,0.7246010410170827,0.6803283454524338
518,9,10,1382.7417814731598,0.0005,3,10,1,50,10.0,fl,-15.552162059856204,0.5174085029575003,0.45172393435885577
532,6,10,1247.785144329071,0.0005,3,10,1,25,10.0,central,-15.330496390542544,0.3566502750311124,
533,6,10,1247.785144329071,0.0005,3,10,1,25,10.0,local,-17.48214970534344,1.1407971550766216,1.0831352301280552
534,6,10,1247.785144329071,0.0005,3,10,1,25,10.0,fl,-15.913732420928067,0.7861900326777131,0.6945890282750595
536,5,10,1231.6994230747223,0.0005,3,10,1,100,1.0,central,-15.282146115319923,0.1873489379282656,
537,5,10,1231.6994230747223,0.0005,3,10,1,100,1.0,local,-16.0324377082847,1.6146924981849469,1.5923275970099549
538,5,10,1231.6994230747223,0.0005,3,10,1,100,1.0,fl,-16.535548060111324,2.312126053356275,2.301598992730855
544,7,10,1357.0649569034576,0.0005,3,10,1,100,10.0,central,-15.2111009408044,0.20311352708947397,
545,7,10,1357.0649569034576,0.0005,3,10,1,100,10.0,local,-15.546078224161539,0.5018233533356604,0.45501680360453695
546,7,10,1357.0649569034576,0.0005,3,10,1,100,10.0,fl,-15.36033219878369,0.36470076396651696,0.3008797747136811
552,6,10,1400.9784920215607,0.0005,3,10,1,100,10.0,central,-15.207914382601611,0.19994488835103927,
553,6,10,1400.9784920215607,0.0005,3,10,1,100,10.0,local,-15.507788011860324,0.5305022009915314,0.4875987046755463
554,6,10,1400.9784920215607,0.0005,3,10,1,100,10.0,fl,-15.337281891179597,0.38290224285024216,0.32743376783992895
556,4,10,1327.7692346572876,0.0005,3,10,1,100,1.0,central,-15.291083753072343,0.20863345118660395,
557,4,10,1327.7692346572876,0.0005,3,10,1,100,1.0,local,-16.272761490974354,0.8793537924571089,0.8457865423732154
558,4,10,1327.7692346572876,0.0005,3,10,1,100,1.0,fl,-16.352613736344555,1.8841256520293475,1.854182946521594
560,7,10,1406.5205810070038,0.0005,3,10,1,25,10.0,central,-15.264979467880977,0.3087431829178948,
561,7,10,1406.5205810070038,0.0005,3,10,1,25,10.0,local,-17.302715792935807,1.0294218877110037,0.9749919897134429
562,7,10,1406.5205810070038,0.0005,3,10,1,25,10.0,fl,-15.78054603042778,0.7073509730111252,0.6335919844241222
572,8,10,1352.9395773410797,0.0005,3,10,1,50,10.0,central,-15.397612312882421,0.24052568615370604,
573,8,10,1352.9395773410797,0.0005,3,10,1,50,10.0,local,-16.104232582104725,0.6989644381751223,0.6489134833596933
574,8,10,1352.9395773410797,0.0005,3,10,1,50,10.0,fl,-15.651570946865515,0.4845503780957253,0.4196753072208074
580,5,10,1238.9005155563354,0.0005,3,10,1,10,0.2,central,-15.632245949841021,0.5959615844703419,
581,5,10,1238.9005155563354,0.0005,3,10,1,10,0.2,local,-67.97612163888928,12.12329333003095,12.011936509064935
582,5,10,1238.9005155563354,0.0005,3,10,1,10,0.2,fl,-20.36122930819673,9.926377314556431,9.799283699660979
584,4,10,1356.576299905777,0.0005,3,10,1,50,1.0,central,-15.293047277943199,0.2978842400273006,
585,4,10,1356.576299905777,0.0005,3,10,1,50,1.0,local,-18.6894910723803,2.7410141671399826,2.7012873677205684
586,4,10,1356.576299905777,0.0005,3,10,1,50,1.0,fl,-16.291498314065954,1.8631778257812524,1.8119769550393312
596,3,10,1386.4447796344757,0.0005,3,10,1,50,0.2,central,-15.282293493786824,0.28302676477307576,
597,3,10,1386.4447796344757,0.0005,3,10,1,50,0.2,local,-16.533619300740032,7.277104327782003,7.262433546501266
598,3,10,1386.4447796344757,0.0005,3,10,1,50,0.2,fl,-16.06770385653336,4.559963314399046,4.527083008625477
600,2,10,1188.2583618164062,0.0005,3,10,1,10,1.0,central,-15.60165740794289,0.3992581691447052,
601,2,10,1188.2583618164062,0.0005,3,10,1,10,1.0,local,-79.39332726625992,5.110598045850004,5.069937490016897
602,2,10,1188.2583618164062,0.0005,3,10,1,10,1.0,fl,-22.435377768151092,6.0365746387840336,5.993282007516282
608,3,10,1480.4591236114502,0.0005,3,10,1,100,0.2,central,-15.25818437047318,0.22267229174606892,
609,3,10,1480.4591236114502,0.0005,3,10,1,100,0.2,local,-15.895397679886912,6.064840243578428,6.035543670889436
610,3,10,1480.4591236114502,0.0005,3,10,1,100,0.2,fl,-15.591963143459633,4.2222652198052675,4.182386002219178
624,8,10,1323.9678440093994,0.0005,3,10,1,100,1.0,central,-15.367860896952223,0.20783412092113282,
625,8,10,1323.9678440093994,0.0005,3,10,1,100,1.0,local,-15.968460692829675,1.8302645113113187,1.7958414054920566
626,8,10,1323.9678440093994,0.0005,3,10,1,100,1.0,fl,-16.22906663095324,1.1098729847458029,1.0921952895266294
648,2,10,1382.0389235019684,0.0005,3,10,1,10,10.0,central,-15.600159985029757,0.5370879334286942,
649,2,10,1382.0389235019684,0.0005,3,10,1,10,10.0,local,-55.249789630906186,1.6334114789637582,1.5496295048371433
650,2,10,1382.0389235019684,0.0005,3,10,1,10,10.0,fl,-18.107420903032427,1.307319398335619,1.212776158514612
656,8,10,1298.9617938995361,0.0005,3,10,1,50,1.0,central,-15.391595229010926,0.24655384130575866,
657,8,10,1298.9617938995361,0.0005,3,10,1,50,1.0,local,-18.0689688124428,2.557297817135816,2.5202487762689385
658,8,10,1298.9617938995361,0.0005,3,10,1,50,1.0,fl,-16.43790210063709,3.0829072599768095,3.021056703646823
660,9,10,1346.297993183136,0.0005,3,10,1,10,0.2,central,-15.629363532501836,0.5840706451327297,
661,9,10,1346.297993183136,0.0005,3,10,1,10,0.2,local,-59.095634214432415,10.747141664396553,10.712521867485837
662,9,10,1346.297993183136,0.0005,3,10,1,10,0.2,fl,-18.31185940013652,9.071929543917776,8.967114015467615
668,7,10,1386.5085999965668,0.0005,3,10,1,25,0.2,central,-15.301885673548279,0.38312048996579834,
669,7,10,1386.5085999965668,0.0005,3,10,1,25,0.2,local,-22.32095888952474,9.792210029152665,9.748695729634148
670,7,10,1386.5085999965668,0.0005,3,10,1,25,0.2,fl,-16.302493213384487,7.441148558491231,7.369622175275053
672,4,10,1489.936297416687,0.0005,3,10,1,50,10.0,central,-15.278441277096766,0.26846727890590466,
673,4,10,1489.936297416687,0.0005,3,10,1,50,10.0,local,-16.068822271635746,0.8001823286881337,0.7528177283268027
674,4,10,1489.936297416687,0.0005,3,10,1,50,10.0,fl,-15.53890548610855,0.5552615599159478,0.4832158834071576
708,0,10,1375.3681914806366,0.0005,3,10,1,25,1.0,central,-15.258865715109403,0.4278821611982438,
709,0,10,1375.3681914806366,0.0005,3,10,1,25,1.0,local,-21.68496180747039,2.570532733214661,2.477602958661317
710,0,10,1375.3681914806366,0.0005,3,10,1,25,1.0,fl,-16.48564721817296,2.439855539046028,2.2596821043249053
728,9,10,1206.058676481247,0.0005,3,10,1,100,10.0,central,-15.228013942339254,0.2314013277143472,
729,9,10,1206.058676481247,0.0005,3,10,1,100,10.0,local,-15.532859649491254,0.5406775855067304,0.4904877692982271
730,9,10,1206.058676481247,0.0005,3,10,1,100,10.0,fl,-15.370032863601754,0.4098810980885448,0.33444435003077955
752,8,10,1358.2245953083038,0.0005,3,10,1,25,10.0,central,-15.419245775321627,0.28012238524328087,
753,8,10,1358.2245953083038,0.0005,3,10,1,25,10.0,local,-18.54354315157089,1.1091826669184455,1.0813143117631911
754,8,10,1358.2245953083038,0.0005,3,10,1,25,10.0,fl,-16.128585992103176,0.7464054553428907,0.696296520132227
756,1,10,1308.6619358062744,0.0005,3,10,1,10,10.0,central,-15.54917754642607,0.4712583318348272,
757,1,10,1308.6619358062744,0.0005,3,10,1,10,10.0,local,-80.78412084263375,1.698204323017626,1.63884280903194
758,1,10,1308.6619358062744,0.0005,3,10,1,10,10.0,fl,-18.069151397761708,1.473261446388135,1.3788551288649675
780,4,10,1350.6007475852966,0.0005,3,10,1,25,0.2,central,-15.314195444611872,0.25362564822297534,
781,4,10,1350.6007475852966,0.0005,3,10,1,25,0.2,local,-26.501678926776357,9.95418608193979,9.925210342698959
782,4,10,1350.6007475852966,0.0005,3,10,1,25,0.2,fl,-16.671115920514932,7.096035471001686,7.0488805907866166
784,7,10,1369.2853336334229,0.0005,3,10,1,50,10.0,central,-15.221698190958383,0.23263892272209216,
785,7,10,1369.2853336334229,0.0005,3,10,1,50,10.0,local,-16.0150789727396,0.7801104812811459,0.7424449024816375
786,7,10,1369.2853336334229,0.0005,3,10,1,50,10.0,fl,-15.489090264683261,0.5369321011221035,0.48284971409978994
792,3,10,1301.7258336544037,0.0005,3,10,1,25,1.0,central,-15.313482599753561,0.3985371481069178,
793,3,10,1301.7258336544037,0.0005,3,10,1,25,1.0,local,-22.744401026048777,2.5594396181972914,2.5157497646756117
794,3,10,1301.7258336544037,0.0005,3,10,1,25,1.0,fl,-17.421652612345547,3.054406993435336,2.989167874343848
816,5,10,1380.4335107803345,0.0005,3,10,1,100,10.0,central,-15.290927167568938,0.1746851361661346,
817,5,10,1380.4335107803345,0.0005,3,10,1,100,10.0,local,-15.648862073558698,0.5945177375794406,0.5658068386993567
818,5,10,1380.4335107803345,0.0005,3,10,1,100,10.0,fl,-15.438130380397936,0.40539095783787904,0.36499824744678727
824,7,10,1237.2915732860565,0.0005,3,10,1,100,1.0,central,-15.208081989389674,0.19126391738906304,
825,7,10,1237.2915732860565,0.0005,3,10,1,100,1.0,local,-16.53552084396502,2.750169536421583,2.727252942792016
826,7,10,1237.2915732860565,0.0005,3,10,1,100,1.0,fl,-16.152598372844082,1.9247297151372738,1.9200598465415546
828,4,10,1340.2921686172485,0.0005,3,10,1,25,10.0,central,-15.327440763085104,0.4229160515841064,
829,4,10,1340.2921686172485,0.0005,3,10,1,25,10.0,local,-17.77865042604749,1.1465239960699511,1.0580826596631199
830,4,10,1340.2921686172485,0.0005,3,10,1,25,10.0,fl,-15.922022586972119,0.7936333907696952,0.6686805534845134
840,8,10,1545.2428150177002,0.0005,3,10,1,25,0.2,central,-15.427337656625383,0.36999262566091956,
841,8,10,1545.2428150177002,0.0005,3,10,1,25,0.2,local,-21.64667653582167,10.435503438474885,10.379863595722767
842,8,10,1545.2428150177002,0.0005,3,10,1,25,0.2,fl,-16.976738567694824,7.937782057709957,7.877813117250762
852,7,10,1389.710123538971,0.0005,3,10,1,50,1.0,central,-15.261903525421735,0.3094925275941416,
853,7,10,1389.710123538971,0.0005,3,10,1,50,1.0,local,-19.832288892093594,2.559591058411078,2.511058184245566
854,7,10,1389.710123538971,0.0005,3,10,1,50,1.0,fl,-17.760573785651356,4.108462867689148,4.075949703364576
856,6,10,1284.7932772636414,0.0005,3,10,1,10,0.2,central,-15.563487306456878,0.515643042857925,
857,6,10,1284.7932772636414,0.0005,3,10,1,10,0.2,local,-59.80832311558597,12.870657096634588,12.81059268250971
858,6,10,1284.7932772636414,0.0005,3,10,1,10,0.2,fl,-22.749446208245296,11.39551938157239,11.352608139611522
868,1,10,1257.7611680030823,0.0005,3,10,1,10,1.0,central,-15.77362956183868,0.7320025874287075,
869,1,10,1257.7611680030823,0.0005,3,10,1,10,1.0,local,-71.17780563923952,5.400983925048472,5.264076792943624
870,1,10,1257.7611680030823,0.0005,3,10,1,10,1.0,fl,-20.40661806531477,5.999560158762506,5.832170517690018
872,0,10,1479.385113954544,0.0005,3,10,1,50,0.2,central,-15.192813456968139,0.23499550766785893,
873,0,10,1479.385113954544,0.0005,3,10,1,50,0.2,local,-16.887160642232754,6.287676628054189,6.268296780572279
874,0,10,1479.385113954544,0.0005,3,10,1,50,0.2,fl,-15.921244330051953,4.960825224027959,4.932682906610935
888,0,10,1385.9881851673126,0.0005,3,10,1,100,0.2,central,-15.198743566971757,0.21650042837267447,
889,0,10,1385.9881851673126,0.0005,3,10,1,100,0.2,local,-15.511387468365706,5.09257182802849,5.072576711151721
890,0,10,1385.9881851673126,0.0005,3,10,1,100,0.2,fl,-14.965266195328379,3.538960350290169,3.521858973288375
928,1,10,1433.3718130588531,0.0005,3,10,1,100,0.2,central,-15.27437285097391,0.21486660344260333,
929,1,10,1433.3718130588531,0.0005,3,10,1,100,0.2,local,-16.801021652644206,7.322150693908512,7.303031049077707
930,1,10,1433.3718130588531,0.0005,3,10,1,100,0.2,fl,-15.810935007318957,6.8508547358386505,6.838095543260389
936,0,10,1299.586735010147,0.0005,3,10,1,10,1.0,central,-15.355185715478688,0.49201900794513725,
937,0,10,1299.586735010147,0.0005,3,10,1,10,1.0,local,-53.186414509320414,3.953062164471924,3.885367565960917
938,0,10,1299.586735010147,0.0005,3,10,1,10,1.0,fl,-20.381830387588046,4.609273008315879,4.48008595169486
940,1,10,1410.684739112854,0.0005,3,10,1,50,0.2,central,-15.307580335916304,0.2357329515473842,
941,1,10,1410.684739112854,0.0005,3,10,1,50,0.2,local,-16.56167680728634,10.14339274296191,10.120052524280634
942,1,10,1410.684739112854,0.0005,3,10,1,50,0.2,fl,-16.411418096423084,7.271615294738188,7.2265848138962765
964,6,10,1393.7575361728668,0.0005,3,10,1,50,1.0,central,-15.226791628154757,0.2168177351313938,
965,6,10,1393.7575361728668,0.0005,3,10,1,50,1.0,local,-21.24019557302293,2.817587991195726,2.790501521691405
966,6,10,1393.7575361728668,0.0005,3,10,1,50,1.0,fl,-17.404050705552166,3.454435669696081,3.4394412858806533
968,7,10,1348.4173316955566,0.0005,3,10,1,10,0.2,central,-15.521454956976825,0.6484657414952575,
969,7,10,1348.4173316955566,0.0005,3,10,1,10,0.2,local,-69.09327852592217,12.52942645912499,12.50000291061353
970,7,10,1348.4173316955566,0.0005,3,10,1,10,0.2,fl,-20.918542269868404,11.327474757059012,11.287790944148806
972,9,10,1374.1199734210968,0.0005,3,10,1,25,0.2,central,-15.40233724779697,0.38540572964612213,
973,9,10,1374.1199734210968,0.0005,3,10,1,25,0.2,local,-25.528539989107276,9.007549165562063,8.942572295163796
974,9,10,1374.1199734210968,0.0005,3,10,1,25,0.2,fl,-18.679791179301635,8.71344942261814,8.637434904355102
984,5,10,1221.337718486786,0.0005,3,10,1,25,10.0,central,-15.367867045147435,0.2888329036081456,
985,5,10,1221.337718486786,0.0005,3,10,1,25,10.0,local,-17.792327899333692,1.0723897592390823,1.030896591154604
986,5,10,1221.337718486786,0.0005,3,10,1,25,10.0,fl,-15.92568634584751,0.7297766815627569,0.6666305102959735
988,6,10,1176.1585445404053,0.0005,3,10,1,100,1.0,central,-15.212996334708398,0.15309912581857157,
989,6,10,1176.1585445404053,0.0005,3,10,1,100,1.0,local,-16.009945873037335,2.5709140398449386,2.5461754380093984
990,6,10,1176.1585445404053,0.0005,3,10,1,100,1.0,fl,-16.26830716948931,1.2116713596756064,1.1832442949294772
992,4,10,1353.302175283432,0.0005,3,10,1,100,10.0,central,-15.31023771158788,0.22641119472317803,
993,4,10,1353.302175283432,0.0005,3,10,1,100,10.0,local,-15.582545439381514,0.51555918336057,0.4617292721041233
994,4,10,1353.302175283432,0.0005,3,10,1,100,10.0,fl,-15.421625962574524,0.373509651438347,0.3054807101977749
1008,2,10,1345.110233783722,0.0005,3,10,1,25,1.0,central,-15.38077172812035,0.27982828410048594,
1009,2,10,1345.110233783722,0.0005,3,10,1,25,1.0,local,-25.776203466259933,2.7835888947877527,2.7545582627320195
1010,2,10,1345.110233783722,0.0005,3,10,1,25,1.0,fl,-18.010253388211698,2.9852875249723403,2.9672173114377527
1040,5,10,1213.3679156303406,0.0005,3,10,1,25,0.2,central,-15.374730512439573,0.26377980526443606,
1041,5,10,1213.3679156303406,0.0005,3,10,1,25,0.2,local,-27.825339356656364,9.616711566586504,9.573081709908658
1042,5,10,1213.3679156303406,0.0005,3,10,1,25,0.2,fl,-17.63569967615703,7.3046957792287035,7.26409081424225
1044,6,10,1445.6291699409485,0.0005,3,10,1,50,10.0,central,-15.243629825691752,0.30805322329660334,
1045,6,10,1445.6291699409485,0.0005,3,10,1,50,10.0,local,-16.085086621316524,0.7929167361349054,0.7276720390669904
1046,6,10,1445.6291699409485,0.0005,3,10,1,50,10.0,fl,-15.530102582688368,0.5565971909185625,0.46310622583101024
1056,0,10,1289.9635572433472,0.0005,3,10,1,10,10.0,central,-15.526776276801138,0.5922125496847644,
1057,0,10,1289.9635572433472,0.0005,3,10,1,10,10.0,local,-58.05541023096663,1.7747846875539888,1.6612805442234737
1058,0,10,1289.9635572433472,0.0005,3,10,1,10,10.0,fl,-17.72543294188408,1.4254918818327806,1.2651674508971134
1072,9,10,1381.783369064331,0.0005,3,10,1,25,10.0,central,-15.373264059624129,0.37927707132246474,
1073,9,10,1381.783369064331,0.0005,3,10,1,25,10.0,local,-17.73484388780267,1.05118753154685,0.9795636699526001
1074,9,10,1381.783369064331,0.0005,3,10,1,25,10.0,fl,-15.925073050277351,0.7353662915844594,0.6270193870786887
1080,8,10,1339.803686618805,0.0005,3,10,1,100,10.0,central,-15.374021644311242,0.16608363421926078,
1081,8,10,1339.803686618805,0.0005,3,10,1,100,10.0,local,-15.682078846646371,0.504491020467571,0.47645621441391073
1082,8,10,1339.803686618805,0.0005,3,10,1,100,10.0,fl,-15.508577386204218,0.3585843050111365,0.31484661132114655
1088,3,10,1282.5421557426453,0.0005,3,10,1,100,10.0,central,-15.244507971281797,0.2763963713854937,
1089,3,10,1282.5421557426453,0.0005,3,10,1,100,10.0,local,-15.576070052141478,0.5913282775527208,0.5233853000525818
1090,3,10,1282.5421557426453,0.0005,3,10,1,100,10.0,fl,-15.380654114899666,0.43909324299374697,0.3471118510798706
1096,1,10,1406.7532024383545,0.0005,3,10,1,100,1.0,central,-15.285646242263379,0.24984420746244043,
1097,1,10,1406.7532024383545,0.0005,3,10,1,100,1.0,local,-16.091289152297275,1.869676706347033,1.8105615474147316
1098,1,10,1406.7532024383545,0.0005,3,10,1,100,1.0,fl,-16.409006366258403,4.243331586328677,4.167546199292109
1108,2,10,1354.431025505066,0.0005,3,10,1,25,10.0,central,-15.40424349552329,0.33426433388893567,
1109,2,10,1354.431025505066,0.0005,3,10,1,25,10.0,local,-17.584569772980604,1.1412998244293842,1.0861356869778063
1110,2,10,1354.431025505066,0.0005,3,10,1,25,10.0,fl,-15.964254257650301,0.7721449181666857,0.694520285703965
1136,0,10,1343.808494567871,0.0005,3,10,1,10,0.2,central,-15.521582349757043,0.5226838178275479,
1137,0,10,1343.808494567871,0.0005,3,10,1,10,0.2,local,-38.36053621671669,8.344217944033854,8.342728776016074
1138,0,10,1343.808494567871,0.0005,3,10,1,10,0.2,fl,-20.339268312350022,7.810712559061633,7.817309642014064
1140,1,10,1347.558732509613,0.0005,3,10,1,50,1.0,central,-15.297152788837767,0.29681644915155525,
1141,1,10,1347.558732509613,0.0005,3,10,1,50,1.0,local,-17.140831719116726,3.370305186081243,3.302014565733976
1142,1,10,1347.558732509613,0.0005,3,10,1,50,1.0,fl,-16.352343536654644,2.5997818961167156,2.5166354396124224
1148,9,10,1367.2041668891907,0.0005,3,10,1,25,1.0,central,-15.337366008665409,0.3646201067785945,
1149,9,10,1367.2041668891907,0.0005,3,10,1,25,1.0,local,-26.37908102808681,2.937016652145514,2.885206140404997
1150,9,10,1367.2041668891907,0.0005,3,10,1,25,1.0,fl,-17.581542089305778,2.677037253845784,2.6966407975688624
1152,6,10,1428.0559251308441,0.0005,3,10,1,50,0.2,central,-15.209258479130028,0.24147475004455268,
1153,6,10,1428.0559251308441,0.0005,3,10,1,50,0.2,local,-17.399175318708114,10.866336127438657,10.802224167070388
1154,6,10,1428.0559251308441,0.0005,3,10,1,50,0.2,fl,-15.829754638086204,8.252312331634696,8.183808223803034
1156,7,10,1304.4106879234314,0.0005,3,10,1,10,1.0,central,-15.539204361232214,0.5603480104677737,
1157,7,10,1304.4106879234314,0.0005,3,10,1,10,1.0,local,-71.51217196273413,5.711701836737129,5.617240802579091
1158,7,10,1304.4106879234314,0.0005,3,10,1,10,1.0,fl,-23.11072897407596,6.330418858453237,6.2065861231778126
1172,6,10,1203.8386430740356,0.0005,3,10,1,100,0.2,central,-15.172707154169808,0.1764147587728044,
1173,6,10,1203.8386430740356,0.0005,3,10,1,100,0.2,local,-15.863877000091005,9.729062079079537,9.726021206412442
1174,6,10,1203.8386430740356,0.0005,3,10,1,100,0.2,fl,-15.762130214229057,7.601318846266639,7.585605601851708
1200,7,10,1319.6421658992767,0.0005,3,10,1,10,10.0,central,-15.506543697508244,0.576730394846877,
1201,7,10,1319.6421658992767,0.0005,3,10,1,10,10.0,local,-76.2928753011852,1.8233039826072883,1.7294788705437312
1202,7,10,1319.6421658992767,0.0005,3,10,1,10,10.0,fl,-17.506495098712115,1.2276331571818726,1.083206860846356
1224,2,10,1210.9185273647308,0.0005,3,10,1,25,0.2,central,-15.409375762147343,0.24715957970601132,
1225,2,10,1210.9185273647308,0.0005,3,10,1,25,0.2,local,-20.643455888148683,8.506533401384813,8.512745536735775
1226,2,10,1210.9185273647308,0.0005,3,10,1,25,0.2,fl,-16.952948957828376,6.823343469351718,6.8437387238250835
1228,1,10,1484.8556628227234,0.0005,3,10,1,50,10.0,central,-15.29269480289442,0.261667016990533,
1229,1,10,1484.8556628227234,0.0005,3,10,1,50,10.0,local,-16.076218082528925,0.7512360955670468,0.7096591155317222
1230,1,10,1484.8556628227234,0.0005,3,10,1,50,10.0,fl,-15.5550359892682,0.5269167987215758,0.4634830131952203
1236,5,10,1238.7932603359222,0.0005,3,10,1,25,1.0,central,-15.376892513682378,0.29533936541228273,
1237,5,10,1238.7932603359222,0.0005,3,10,1,25,1.0,local,-28.132603755900682,2.9530529046617664,2.911473841751426
1238,5,10,1238.7932603359222,0.0005,3,10,1,25,1.0,fl,-18.618546038852408,3.1244411766376756,3.0676546802071876
1276,4,10,1301.4358460903168,0.0005,3,10,1,25,1.0,central,-15.322839816958432,0.2915284146196296,
1277,4,10,1301.4358460903168,0.0005,3,10,1,25,1.0,local,-34.65954579068453,3.139452742886997,3.1126086733620766
1278,4,10,1301.4358460903168,0.0005,3,10,1,25,1.0,fl,-17.234264425101593,3.0387463851778387,3.0502956979855353
1308,3,10,1315.0973708629608,0.0005,3,10,1,25,0.2,central,-15.32433457380825,0.36055812853301344,
1309,3,10,1315.0973708629608,0.0005,3,10,1,25,0.2,local,-21.213628062928844,7.27664208685384,7.228943143500319
1310,3,10,1315.0973708629608,0.0005,3,10,1,25,0.2,fl,-16.11671768267084,4.844159660611878,4.763137623244678
1312,0,10,1211.962883234024,0.0005,3,10,1,50,10.0,central,-15.20143698298681,0.3339401488589265,
1313,0,10,1211.962883234024,0.0005,3,10,1,50,10.0,local,-15.874298902904675,0.770566013270664,0.6836128759217067
1314,0,10,1211.962883234024,0.0005,3,10,1,50,10.0,fl,-15.435091862992413,0.5646245931953877,0.44790366993716085
1324,6,10,1272.3153665065765,0.0005,3,10,1,10,10.0,central,-15.557026809451425,0.556228720696678,
1325,6,10,1272.3153665065765,0.0005,3,10,1,10,10.0,local,-69.21977918111398,1.746520827406107,1.6557653722791614
1326,6,10,1272.3153665065765,0.0005,3,10,1,10,10.0,fl,-17.19912819223755,1.177342358687881,1.0430494556883256
1356,7,10,1356.8345289230347,0.0005,3,10,1,100,0.2,central,-15.225718500024863,0.19946086356889556,
1357,7,10,1356.8345289230347,0.0005,3,10,1,100,0.2,local,-15.689285100626694,9.00173155187731,9.005242925002122
1358,7,10,1356.8345289230347,0.0005,3,10,1,100,0.2,fl,-15.654551532073686,7.373143814703738,7.375228866571012
1364,7,10,1454.5016372203827,0.0005,3,10,1,50,0.2,central,-15.232978494022015,0.2131779268157903,
1365,7,10,1454.5016372203827,0.0005,3,10,1,50,0.2,local,-19.405989558226135,10.160215893716677,10.166477631513235
1366,7,10,1454.5016372203827,0.0005,3,10,1,50,0.2,fl,-15.762532419285524,7.605649333533701,7.601409215442908
1368,6,10,1293.6840989589691,0.0005,3,10,1,10,1.0,central,-15.424131853867033,0.5103291734092098,
1369,6,10,1293.6840989589691,0.0005,3,10,1,10,1.0,local,-69.48980183904912,6.520210826119327,6.506569684000074
1370,6,10,1293.6840989589691,0.0005,3,10,1,10,1.0,fl,-21.639965876334976,6.6369647576428035,6.694442794038854
1376,8,10,1349.6433537006378,0.0005,3,10,1,25,1.0,central,-15.414969173337145,0.3373519212155652,
1377,8,10,1349.6433537006378,0.0005,3,10,1,25,1.0,local,-25.24650093460489,2.699090437565978,2.665926391373716
1378,8,10,1349.6433537006378,0.0005,3,10,1,25,1.0,fl,-17.718470583343496,2.8054482266951126,2.8058732641611526
1388,1,10,1242.3133981227875,0.0005,3,10,1,10,0.2,central,-15.521879103908784,0.4846281812976249,
1389,1,10,1242.3133981227875,0.0005,3,10,1,10,0.2,local,-66.0634234370531,12.133573345145727,12.123827347637462
1390,1,10,1242.3133981227875,0.0005,3,10,1,10,0.2,fl,-22.689500645741155,11.224163497981568,11.241939691736402
1392,0,10,1325.328771352768,0.0005,3,10,1,50,1.0,central,-15.182663677294704,0.33173684246922147,
1393,0,10,1325.328771352768,0.0005,3,10,1,50,1.0,local,-16.662800148742072,1.9389429036483505,1.8722898306586813
1394,0,10,1325.328771352768,0.0005,3,10,1,50,1.0,fl,-15.883908509423014,2.0149488650992766,1.9174266913587972
1424,3,10,1332.1946280002594,0.0005,3,10,1,25,10.0,central,-15.352799792911023,0.4751564654610041,
1425,3,10,1332.1946280002594,0.0005,3,10,1,25,10.0,local,-17.712397208145497,1.1596512489219815,1.0451531275519539
1426,3,10,1332.1946280002594,0.0005,3,10,1,25,10.0,fl,-15.948481622192443,0.8222316434313889,0.6640286416492837
1428,0,10,1402.1752767562866,0.0005,3,10,1,100,1.0,central,-15.16371138362241,0.1962228605523844,
1429,0,10,1402.1752767562866,0.0005,3,10,1,100,1.0,local,-15.42696540809762,1.8895038279045544,1.8524392508362784
1430,0,10,1402.1752767562866,0.0005,3,10,1,100,1.0,fl,-15.983407198931848,3.7461696531343613,3.670293882801763
1432,2,10,1297.005206823349,0.0005,3,10,1,100,10.0,central,-15.310797297167127,0.2154721278703147,
1433,2,10,1297.005206823349,0.0005,3,10,1,100,10.0,local,-15.652812977030573,0.5503162419879841,0.5044728525233245
1434,2,10,1297.005206823349,0.0005,3,10,1,100,10.0,fl,-15.451222956245456,0.40810771874031937,0.3413432789430776
