,n_clients,D,seed,N,alpha,lambda,lr,K,runtime_sec,algorithm,Log-likelihood,NMI,AMI
0,10,10,4,100,0.2,1,0.0005,10,2397.3022396564484,central,15.816703987121581,0.7611329388768533,0.760695562483267
1,10,10,4,100,0.2,1,0.0005,10,2397.3022396564484,local,-693.9795143127442,0.48646618249071627,0.48549244471777897
2,10,10,4,100,0.2,1,0.0005,10,2397.3022396564484,fl,5.564998400211334,0.5606792366223645,0.5598883910201655
24,10,10,4,50,0.2,1,0.0005,10,2239.9629452228546,central,14.902932357788085,0.76413074412133,0.7636976976809184
25,10,10,4,50,0.2,1,0.0005,10,2239.9629452228546,local,-11999.907385253906,0.4316823143795501,0.4304997108030559
26,10,10,4,50,0.2,1,0.0005,10,2239.9629452228546,fl,2.6882237285375594,0.35503794648155107,0.3534824771476364
40,10,10,9,300,0.2,1,0.0005,10,857.7935221195221,central,16.064573097229005,0.7372507521196532,0.7367824730747665
41,10,10,9,300,0.2,1,0.0005,10,857.7935221195221,local,-50.206858253479005,0.6156590490574394,0.6149316007454109
42,10,10,9,300,0.2,1,0.0005,10,857.7935221195221,fl,-0.11241472121328115,0.6584260979766012,0.6578988741424425
48,10,10,0,200,10.0,1,0.0005,10,2523.2711503505707,central,16.414707946777344,0.7474501903248746,0.7469985021913103
49,10,10,0,200,10.0,1,0.0005,10,2523.2711503505707,local,1.740121340751648,0.7240411877799323,0.723543972737471
50,10,10,0,200,10.0,1,0.0005,10,2523.2711503505707,fl,-8.746617317199707,0.7400644066927825,0.7396328158994417
60,10,10,3,50,1.0,1,0.0005,10,2234.55566906929,central,14.421371936798096,0.7672060265450712,0.7667890531536504
61,10,10,3,50,1.0,1,0.0005,10,2234.55566906929,local,-7537.585583496094,0.5074402040589485,0.5064141100259949
62,10,10,3,50,1.0,1,0.0005,10,2234.55566906929,fl,-1.7253383263945579,0.4625633852269826,0.46137281459218843
96,10,10,3,100,1.0,1,0.0005,10,2412.5948297977448,central,15.274544715881348,0.7585739972392713,0.7581415450299648
97,10,10,3,100,1.0,1,0.0005,10,2412.5948297977448,local,-275.9669464111328,0.606645504128236,0.605906360857327
98,10,10,3,100,1.0,1,0.0005,10,2412.5948297977448,fl,-8.841608023643493,0.6858061397568912,0.6852430576938492
108,10,10,1,100,10.0,1,0.0005,10,2657.1814155578613,central,15.115548896789551,0.7108519002624422,0.7103339429056137
109,10,10,1,100,10.0,1,0.0005,10,2657.1814155578613,local,-212.78474044799805,0.6910673495470451,0.6904913766303052
110,10,10,1,100,10.0,1,0.0005,10,2657.1814155578613,fl,-13.679719734191895,0.7228841308347576,0.7224390367710496
124,10,10,6,200,1.0,1,0.0005,10,937.0888812541962,central,15.903285789489747,0.7603893352539348,0.7599600638487561
125,10,10,6,200,1.0,1,0.0005,10,937.0888812541962,local,-31.42347123622894,0.7093534225496072,0.7088174108285494
126,10,10,6,200,1.0,1,0.0005,10,937.0888812541962,fl,-8.635686194896698,0.7206237632355368,0.7201885715418305
128,10,10,8,100,0.2,1,0.0005,10,2285.6831760406494,central,15.067408657073974,0.7493456879887052,0.7488929674576968
129,10,10,8,100,0.2,1,0.0005,10,2285.6831760406494,local,-1540.5407180786133,0.5058006180925594,0.5048164696964431
130,10,10,8,100,0.2,1,0.0005,10,2285.6831760406494,fl,3.451504445075989,0.5657117220593323,0.5649416474373565
144,10,10,7,300,10.0,1,0.0005,10,2253.6458864212036,central,16.378585529327392,0.7737441608166178,0.7733429355151773
145,10,10,7,300,10.0,1,0.0005,10,2253.6458864212036,local,11.155542087554931,0.7495497499590167,0.7491023537659748
146,10,10,7,300,10.0,1,0.0005,10,2253.6458864212036,fl,-7.474039876461029,0.7646093126271699,0.7642114133401611
156,10,10,5,300,0.2,1,0.0005,10,1480.3954813480377,central,15.488664627075195,0.8038512102850595,0.8035003450562384
157,10,10,5,300,0.2,1,0.0005,10,1480.3954813480377,local,-93.83716368675232,0.5602592985233947,0.5594095695321314
158,10,10,5,300,0.2,1,0.0005,10,1480.3954813480377,fl,-0.14489129930734634,0.6293915100900336,0.6288430911818834
164,10,10,8,50,0.2,1,0.0005,10,2330.4840788841248,central,14.142501735687256,0.756444057387434,0.7560042057799422
165,10,10,8,50,0.2,1,0.0005,10,2330.4840788841248,local,-10978.822900390625,0.45089884246537293,0.44982213279470856
166,10,10,8,50,0.2,1,0.0005,10,2330.4840788841248,fl,0.19144651293754578,0.3954923677540082,0.39414725555020635
180,10,10,3,50,10.0,1,0.0005,10,2388.082843065262,central,15.022991180419922,0.7692815288774889,0.7688688955170208
181,10,10,3,50,10.0,1,0.0005,10,2388.082843065262,local,-9768.935986328124,0.5667843462381806,0.5659161652656581
182,10,10,3,50,10.0,1,0.0005,10,2388.082843065262,fl,-8.029155111312866,0.5325877856846389,0.5316013686494092
184,10,10,2,300,1.0,1,0.0005,10,871.8872103691101,central,16.102836227416994,0.7559197296588939,0.7554860224622174
185,10,10,2,300,1.0,1,0.0005,10,871.8872103691101,local,-3.7477797150611876,0.6935585039432374,0.6929972802480716
186,10,10,2,300,1.0,1,0.0005,10,871.8872103691101,fl,-5.0408277153968815,0.7389767207530471,0.7385534880296234
232,10,10,1,200,0.2,1,0.0005,10,2755.8584887981415,central,16.455130767822265,0.7901168876793528,0.78973693572175
233,10,10,1,200,0.2,1,0.0005,10,2755.8584887981415,local,-266.1564510345459,0.561375130690229,0.5605289467485388
234,10,10,1,200,0.2,1,0.0005,10,2755.8584887981415,fl,1.852477765083313,0.6592700467896464,0.6587372999373986
236,10,10,0,200,0.2,1,0.0005,10,895.3032901287079,central,16.297997283935548,0.7299375379729633,0.7294545675573125
237,10,10,0,200,0.2,1,0.0005,10,895.3032901287079,local,-158.71883544921874,0.5764866704998818,0.5756774942804683
238,10,10,0,200,0.2,1,0.0005,10,895.3032901287079,fl,-0.8427469849586486,0.6377305178948213,0.6372339221978544
276,10,10,2,50,10.0,1,0.0005,10,2481.7145404815674,central,14.208207893371583,0.7643062798924531,0.7638814686395895
277,10,10,2,50,10.0,1,0.0005,10,2481.7145404815674,local,-10036.049926757812,0.6171937262045046,0.6164334578339767
278,10,10,2,50,10.0,1,0.0005,10,2481.7145404815674,fl,-19.16243245601654,0.5582479709860533,0.5573423580955411
280,10,10,3,300,1.0,1,0.0005,10,1414.2918727397919,central,16.48384609222412,0.7714801849084897,0.7710704947989698
281,10,10,3,300,1.0,1,0.0005,10,1414.2918727397919,local,8.167231607437134,0.6972330207699411,0.6966806489569616
282,10,10,3,300,1.0,1,0.0005,10,1414.2918727397919,fl,-7.364749073982239,0.7336196296576676,0.7332069566540074
304,10,10,9,50,0.2,1,0.0005,10,2478.8281404972076,central,12.448712968826294,0.7387569757617204,0.7382881269831096
305,10,10,9,50,0.2,1,0.0005,10,2478.8281404972076,local,-8055.993334960937,0.4337871927771723,0.4325754524728265
306,10,10,9,50,0.2,1,0.0005,10,2478.8281404972076,fl,-4.14193764925003,0.40945838256642075,0.40812474658329834
316,10,10,6,300,10.0,1,0.0005,10,2449.751146554947,central,15.699450588226318,0.7690981129554475,0.7686886040485856
317,10,10,6,300,10.0,1,0.0005,10,2449.751146554947,local,10.135791540145874,0.7507263964482239,0.7502775152868311
318,10,10,6,300,10.0,1,0.0005,10,2449.751146554947,fl,-12.978251504898072,0.7596304582759674,0.7592286109234571
328,10,10,4,300,0.2,1,0.0005,10,1481.7829194068909,central,16.245993423461915,0.7619302889294586,0.7614999827694748
329,10,10,4,300,0.2,1,0.0005,10,1481.7829194068909,local,-23.569710171222688,0.6155100606675783,0.614795489624073
330,10,10,4,300,0.2,1,0.0005,10,1481.7829194068909,fl,-3.6822667509317397,0.6976181062362917,0.6971951221962946
332,10,10,7,200,1.0,1,0.0005,10,786.8827669620514,central,16.188102340698244,0.7721950318906775,0.7717872708964724
333,10,10,7,200,1.0,1,0.0005,10,786.8827669620514,local,-24.03901347219944,0.6811162116353354,0.6805271380742427
334,10,10,7,200,1.0,1,0.0005,10,786.8827669620514,fl,-6.229750096797943,0.7243979730066111,0.7239654774267061
336,10,10,9,100,0.2,1,0.0005,10,2425.2348046302795,central,14.754925537109376,0.7406478896052789,0.7401834292010242
337,10,10,9,100,0.2,1,0.0005,10,2425.2348046302795,local,-705.6133666992188,0.5200588168475491,0.519152851010652
338,10,10,9,100,0.2,1,0.0005,10,2425.2348046302795,fl,-0.03221772909164429,0.5973303014982069,0.5966542417718247
368,10,10,0,100,10.0,1,0.0005,10,3066.07351231575,central,15.780431270599365,0.7244448737766556,0.723950878016907
369,10,10,0,100,10.0,1,0.0005,10,3066.07351231575,local,-388.809493637085,0.6737973210588918,0.6731916176749763
370,10,10,0,100,10.0,1,0.0005,10,3066.07351231575,fl,-11.5278950214386,0.7105343322124466,0.7100432472445972
376,10,10,2,100,1.0,1,0.0005,10,2503.3897552490234,central,15.123229217529296,0.7352898051882016,0.7348143756832202
377,10,10,2,100,1.0,1,0.0005,10,2503.3897552490234,local,-702.7221649169921,0.6106678709669153,0.6099221353725433
378,10,10,2,100,1.0,1,0.0005,10,2503.3897552490234,fl,-6.930305987596512,0.6779871056478017,0.6774044941672515
408,10,10,2,50,1.0,1,0.0005,10,2571.8080077171326,central,13.759870052337646,0.7198652651892627,0.7193476574902709
409,10,10,2,50,1.0,1,0.0005,10,2571.8080077171326,local,-9422.0830078125,0.5077100391812582,0.5067702981209661
410,10,10,2,50,1.0,1,0.0005,10,2571.8080077171326,fl,-6.8589391395449635,0.43901630882345677,0.437807462540838
420,10,10,1,200,10.0,1,0.0005,10,2465.880334854126,central,15.817310237884522,0.7078811094901524,0.7073503667111194
421,10,10,1,200,10.0,1,0.0005,10,2465.880334854126,local,0.4270396947860718,0.7156779438840216,0.7151638059982244
422,10,10,1,200,10.0,1,0.0005,10,2465.880334854126,fl,-8.046136903762818,0.7430339513030345,0.7426249435479501
440,10,10,8,300,0.2,1,0.0005,10,1493.9776256084442,central,15.497045421600342,0.7237795719244315,0.723277140596565
441,10,10,8,300,0.2,1,0.0005,10,1493.9776256084442,local,-59.489967572689054,0.5969290133907587,0.5961604865163446
442,10,10,8,300,0.2,1,0.0005,10,1493.9776256084442,fl,-2.6192840143106877,0.6571965524745645,0.6566796024861269
448,10,10,5,50,0.2,1,0.0005,10,2289.2182190418243,central,14.943072509765624,0.800288910460645,0.7999321758488057
449,10,10,5,50,0.2,1,0.0005,10,2289.2182190418243,local,-10715.495068359374,0.41514817073451676,0.4140082445149534
450,10,10,5,50,0.2,1,0.0005,10,2289.2182190418243,fl,2.249577647447586,0.38947407336181006,0.38811842956771836
460,10,10,5,100,0.2,1,0.0005,10,2435.773743867874,central,15.753526306152343,0.7939542425176869,0.7935859351006758
461,10,10,5,100,0.2,1,0.0005,10,2435.773743867874,local,-897.9482421875,0.4917902400695266,0.4908279490317593
462,10,10,5,100,0.2,1,0.0005,10,2435.773743867874,fl,1.3816765010356904,0.5459412130550205,0.5450837218861201
484,10,10,0,200,1.0,1,0.0005,10,2490.6238236427307,central,16.225771331787108,0.751490949860141,0.751046058808096
485,10,10,0,200,1.0,1,0.0005,10,2490.6238236427307,local,-36.852807599306104,0.6911072402871609,0.6905405738889818
486,10,10,0,200,1.0,1,0.0005,10,2490.6238236427307,fl,-6.414398193359375,0.7219623048448455,0.7215503965726411
492,10,10,1,300,10.0,1,0.0005,10,1610.3474564552307,central,16.41921548843384,0.7531872688829816,0.7527450827244587
493,10,10,1,300,10.0,1,0.0005,10,1610.3474564552307,local,11.236666774749756,0.7248370555512738,0.7243416495615922
494,10,10,1,300,10.0,1,0.0005,10,1610.3474564552307,fl,-6.108468687534332,0.7249530231355947,0.7244957778013298
504,10,10,3,300,0.2,1,0.0005,10,1435.1090903282166,central,15.928198623657227,0.7553208664877604,0.7548803736819207
505,10,10,3,300,0.2,1,0.0005,10,1435.1090903282166,local,-54.15035221576691,0.5912048966466762,0.5904234324436343
506,10,10,3,300,0.2,1,0.0005,10,1435.1090903282166,fl,-0.01656683683395386,0.6631569749129738,0.6626429990377712
532,10,10,4,300,1.0,1,0.0005,10,1425.1895487308502,central,15.877192401885987,0.7794376580570522,0.7790468935691031
533,10,10,4,300,1.0,1,0.0005,10,1425.1895487308502,local,-1.8928443908691406,0.7242506129308406,0.7237506988602911
534,10,10,4,300,1.0,1,0.0005,10,1425.1895487308502,fl,-9.235219597816467,0.7438237114871766,0.74339942840228
536,10,10,5,50,10.0,1,0.0005,10,2364.3696477413177,central,14.372584629058839,0.779929853673104,0.7795348347959528
537,10,10,5,50,10.0,1,0.0005,10,2364.3696477413177,local,-9968.820385742187,0.5814987266661975,0.5806419713227415
538,10,10,5,50,10.0,1,0.0005,10,2364.3696477413177,fl,-17.0865048289299,0.5314108145255771,0.5303932576543238
548,10,10,9,50,1.0,1,0.0005,10,2360.735541343689,central,13.901640224456788,0.7556603424069313,0.7552252068434524
549,10,10,9,50,1.0,1,0.0005,10,2360.735541343689,local,-15603.668579101562,0.5145322246686401,0.513587409331164
550,10,10,9,50,1.0,1,0.0005,10,2360.735541343689,fl,-3.149784512259066,0.4434234449728665,0.44218253282862696
588,10,10,7,200,0.2,1,0.0005,10,2182.4157841205597,central,16.41115846633911,0.7761257018773675,0.7757222119238806
589,10,10,7,200,0.2,1,0.0005,10,2182.4157841205597,local,-164.43579196929932,0.5692668400499421,0.5684163713925184
590,10,10,7,200,0.2,1,0.0005,10,2182.4157841205597,fl,4.278299224376679,0.6326615882676978,0.6321398842018573
592,10,10,9,100,1.0,1,0.0005,10,2567.334841966629,central,14.807707977294921,0.7513660560285679,0.750921102470942
593,10,10,9,100,1.0,1,0.0005,10,2567.334841966629,local,-672.0402603149414,0.6103813589654308,0.6096207358454773
594,10,10,9,100,1.0,1,0.0005,10,2567.334841966629,fl,-2.3541905254125597,0.6475057823190726,0.6468688410997826
596,10,10,2,100,0.2,1,0.0005,10,2481.1579167842865,central,15.447999382019043,0.7452331530136778,0.744777313255964
597,10,10,2,100,0.2,1,0.0005,10,2481.1579167842865,local,-1378.8250701904296,0.46706564442448284,0.4660322669524721
598,10,10,2,100,0.2,1,0.0005,10,2481.1579167842865,fl,4.583604407310486,0.5349360936539238,0.5340853241601102
616,10,10,2,50,0.2,1,0.0005,10,2434.8189840316772,central,13.827135848999024,0.7407341533841849,0.7402651638509754
617,10,10,2,50,0.2,1,0.0005,10,2434.8189840316772,local,-12020.431225585937,0.39624430265350097,0.3950258235662534
618,10,10,2,50,0.2,1,0.0005,10,2434.8189840316772,fl,-5.881596666574478,0.38508663669554355,0.3837496605606439
628,10,10,6,200,10.0,1,0.0005,10,2419.2130122184753,central,15.276372623443603,0.7417645278436755,0.741302827507843
629,10,10,6,200,10.0,1,0.0005,10,2419.2130122184753,local,-0.062430286407470705,0.7267541005570235,0.7262628791118527
630,10,10,6,200,10.0,1,0.0005,10,2419.2130122184753,fl,-9.761508822441101,0.7464218772490456,0.7460013564926143
648,10,10,5,50,1.0,1,0.0005,10,2322.749079465866,central,15.058955001831055,0.7456160335198277,0.745155842198306
649,10,10,5,50,1.0,1,0.0005,10,2322.749079465866,local,-12427.9361328125,0.5121752149787963,0.5111838160465585
650,10,10,5,50,1.0,1,0.0005,10,2322.749079465866,fl,-11.58081920146942,0.47013482092510905,0.468949565192319
652,10,10,9,50,10.0,1,0.0005,10,2423.600707769394,central,13.051845264434814,0.753440508273055,0.7529996797509976
653,10,10,9,50,10.0,1,0.0005,10,2423.600707769394,local,-9353.881518554688,0.5946760920856788,0.593858747332509
654,10,10,9,50,10.0,1,0.0005,10,2423.600707769394,fl,-19.113652205467226,0.5606393630399642,0.5596946684282122
656,10,10,8,300,1.0,1,0.0005,10,1506.4276430606842,central,15.712411403656006,0.7421541961711043,0.7416917508289703
657,10,10,8,300,1.0,1,0.0005,10,1506.4276430606842,local,6.383400988578797,0.716803707798484,0.7162916626488829
658,10,10,8,300,1.0,1,0.0005,10,1506.4276430606842,fl,-6.507651348412037,0.7374967764920338,0.7370873691516292
684,10,10,5,100,1.0,1,0.0005,10,2331.6826424598694,central,15.679247665405274,0.802110684448428,0.8017549279502466
685,10,10,5,100,1.0,1,0.0005,10,2331.6826424598694,local,-632.1216262817383,0.6073629901328846,0.6066329611313147
686,10,10,5,100,1.0,1,0.0005,10,2331.6826424598694,fl,-13.125227570533752,0.6920302631018528,0.6915075941039597
696,10,10,7,100,10.0,1,0.0005,10,797.2391171455383,central,15.712861347198487,0.7301549314637333,0.7296747550434992
697,10,10,7,100,10.0,1,0.0005,10,797.2391171455383,local,-197.958992767334,0.7038442382616712,0.7032919415318237
698,10,10,7,100,10.0,1,0.0005,10,797.2391171455383,fl,-17.7318208694458,0.7349701150156347,0.7345109127548757
708,10,10,6,100,10.0,1,0.0005,10,951.3158910274506,central,15.279728889465332,0.7649600515303193,0.7645430022420204
709,10,10,6,100,10.0,1,0.0005,10,951.3158910274506,local,-260.6509956359863,0.6861160768816631,0.6855313426184904
710,10,10,6,100,10.0,1,0.0005,10,951.3158910274506,fl,-10.422253441810607,0.7262199335351204,0.7257643153464767
716,10,10,4,100,1.0,1,0.0005,10,2354.035670042038,central,15.42034969329834,0.7492487094763473,0.7487997498186699
717,10,10,4,100,1.0,1,0.0005,10,2354.035670042038,local,-621.0298538208008,0.6026164774237657,0.6018844182381564
718,10,10,4,100,1.0,1,0.0005,10,2354.035670042038,fl,-10.455505895614625,0.6776727894998495,0.677115877816748
732,10,10,8,50,10.0,1,0.0005,10,2365.788586139679,central,13.784675121307373,0.7630324787575082,0.7626058060038108
733,10,10,8,50,10.0,1,0.0005,10,2365.788586139679,local,-9773.626196289062,0.6175461009483956,0.616810924871803
734,10,10,8,50,10.0,1,0.0005,10,2365.788586139679,fl,-15.475939688831568,0.5904093458066062,0.5896003961900067
736,10,10,9,300,1.0,1,0.0005,10,2331.6452770233154,central,15.266166877746581,0.7498367626904365,0.7493887530423381
737,10,10,9,300,1.0,1,0.0005,10,2331.6452770233154,local,-20.546324300765992,0.6951453157505791,0.6945865154321526
738,10,10,9,300,1.0,1,0.0005,10,2331.6452770233154,fl,-6.053747319430113,0.7210881833438096,0.7206517609624473
748,10,10,4,50,1.0,1,0.0005,10,2199.780745744705,central,13.983987712860108,0.7277527509839794,0.7272684522410501
749,10,10,4,50,1.0,1,0.0005,10,2199.780745744705,local,-13173.38701171875,0.49372167954970403,0.49262898029745444
750,10,10,4,50,1.0,1,0.0005,10,2199.780745744705,fl,-4.951390665769577,0.4287729672055698,0.4274312951460183
764,10,10,7,200,10.0,1,0.0005,10,1370.7724270820618,central,16.133521270751952,0.7892073849842786,0.7888332681256081
765,10,10,7,200,10.0,1,0.0005,10,1370.7724270820618,local,2.043387997150421,0.7324646995829407,0.7319814295567681
766,10,10,7,200,10.0,1,0.0005,10,1370.7724270820618,fl,-11.786393451690675,0.7641485991508705,0.7637568766195353
780,10,10,3,50,0.2,1,0.0005,10,2302.5792026519775,central,13.930948734283447,0.7553825933065802,0.7549426968983695
781,10,10,3,50,0.2,1,0.0005,10,2302.5792026519775,local,-11453.371417236329,0.40386007072149804,0.40268552103598737
782,10,10,3,50,0.2,1,0.0005,10,2302.5792026519775,fl,0.1809619650244713,0.43412212481523743,0.43292767820689876
792,10,10,3,100,0.2,1,0.0005,10,2217.1579575538635,central,15.494283390045165,0.7729242910736941,0.7725164419834843
793,10,10,3,100,0.2,1,0.0005,10,2217.1579575538635,local,-1283.210626220703,0.5130749755056362,0.5121472488201847
794,10,10,3,100,0.2,1,0.0005,10,2217.1579575538635,fl,4.1575744390487674,0.5437273643484265,0.5429047383497007
808,10,10,6,200,0.2,1,0.0005,10,2620.0255749225616,central,15.943896007537841,0.7692819625176538,0.7688617287521685
809,10,10,6,200,0.2,1,0.0005,10,2620.0255749225616,local,-504.73769493103026,0.546560943569365,0.5456739603455832
810,10,10,6,200,0.2,1,0.0005,10,2620.0255749225616,fl,-0.6059150317683816,0.6300956632560024,0.6294705495745604
812,10,10,8,100,1.0,1,0.0005,10,2524.340641975403,central,15.125861835479736,0.7547886402653652,0.7543499882508433
813,10,10,8,100,1.0,1,0.0005,10,2524.340641975403,local,-915.1909133911133,0.621243112470569,0.6205074160187392
814,10,10,8,100,1.0,1,0.0005,10,2524.340641975403,fl,-5.601366059482098,0.7029755733674622,0.7024526572066749
840,10,10,8,50,1.0,1,0.0005,10,2398.4795842170715,central,14.021527099609376,0.745448012308743,0.7449933252580717
841,10,10,8,50,1.0,1,0.0005,10,2398.4795842170715,local,-10328.922485351562,0.5296264172398418,0.5287091520303017
842,10,10,8,50,1.0,1,0.0005,10,2398.4795842170715,fl,-3.750129771232605,0.4561676104766438,0.45495541850251026
852,10,10,5,300,1.0,1,0.0005,10,833.5470864772797,central,15.694717502593994,0.7837789502914402,0.7833910060372031
853,10,10,5,300,1.0,1,0.0005,10,833.5470864772797,local,-6.37142653465271,0.6989978309080951,0.6984428362613652
854,10,10,5,300,1.0,1,0.0005,10,833.5470864772797,fl,-5.088948583602905,0.7416575780730714,0.741254493295186
856,10,10,4,50,10.0,1,0.0005,10,2385.3567547798157,central,14.019942378997802,0.7630025072529352,0.7625809095287761
857,10,10,4,50,10.0,1,0.0005,10,2385.3567547798157,local,-7495.456640625,0.5285856688100605,0.52761951352416
858,10,10,4,50,10.0,1,0.0005,10,2385.3567547798157,fl,-15.48160582780838,0.5618666183063601,0.5609757206149963
896,10,10,0,300,10.0,1,0.0005,10,927.100442647934,central,16.536892032623292,0.7589044466583881,0.7584723698796388
897,10,10,0,300,10.0,1,0.0005,10,927.100442647934,local,12.01393175125122,0.7375590968024154,0.7370875131637974
898,10,10,0,300,10.0,1,0.0005,10,927.100442647934,fl,-9.73407278060913,0.7467516844474875,0.7463298324560994
908,10,10,2,300,0.2,1,0.0005,10,1517.1632568836212,central,16.34314594268799,0.7669886866640224,0.7665724750102468
909,10,10,2,300,0.2,1,0.0005,10,1517.1632568836212,local,-59.57600396871567,0.5939215609490163,0.5931545029045393
910,10,10,2,300,0.2,1,0.0005,10,1517.1632568836212,fl,0.4897568106651306,0.6828236663095757,0.682325804720762
912,10,10,1,200,1.0,1,0.0005,10,1562.060097694397,central,15.98317747116089,0.7488228894658219,0.7483752509596184
913,10,10,1,200,1.0,1,0.0005,10,1562.060097694397,local,-15.894843363761902,0.6728203779302994,0.6722195476566869
914,10,10,1,200,1.0,1,0.0005,10,1562.060097694397,fl,-6.705216479301453,0.7076327151178357,0.7071791897226264
928,10,10,5,200,0.2,1,0.0005,10,2406.9691195487976,central,15.882838726043701,0.778554757330532,0.7781564108495502
929,10,10,5,200,0.2,1,0.0005,10,2406.9691195487976,local,-112.46968441009521,0.5350442659674208,0.5341471811103627
930,10,10,5,200,0.2,1,0.0005,10,2406.9691195487976,fl,-4.117389678955078,0.6521366642913397,0.6516048612363717
932,10,10,9,100,10.0,1,0.0005,10,943.8217282295227,central,15.797399139404297,0.763504851358707,0.7630806034444784
933,10,10,9,100,10.0,1,0.0005,10,943.8217282295227,local,-196.80221252441407,0.6818366040521682,0.6812370225518803
934,10,10,9,100,10.0,1,0.0005,10,943.8217282295227,fl,-11.730116033554078,0.7210661751274701,0.7205754595761202
988,10,10,7,50,10.0,1,0.0005,10,2193.775789499283,central,14.655768299102784,0.7565382286136163,0.7561025942973738
989,10,10,7,50,10.0,1,0.0005,10,2193.775789499283,local,-9185.756713867188,0.5799819360740064,0.5791457172312205
990,10,10,7,50,10.0,1,0.0005,10,2193.775789499283,fl,-14.101808294653893,0.5283898932592697,0.5273853469449409
992,10,10,6,300,1.0,1,0.0005,10,1553.9244401454926,central,15.916084098815919,0.7607953643990465,0.7603705842909738
993,10,10,6,300,1.0,1,0.0005,10,1553.9244401454926,local,-14.53846070766449,0.7039518430926794,0.7034114660329795
994,10,10,6,300,1.0,1,0.0005,10,1553.9244401454926,fl,-6.861809910833836,0.7411396047080094,0.740733281364639
996,10,10,8,200,10.0,1,0.0005,10,2351.4264676570892,central,15.76243085861206,0.76194076953721,0.7615140372609872
997,10,10,8,200,10.0,1,0.0005,10,2351.4264676570892,local,4.587555074691773,0.7392962442899967,0.7388247045453448
998,10,10,8,200,10.0,1,0.0005,10,2351.4264676570892,fl,-12.787113046646118,0.7595251039603356,0.7591307590769788
1016,10,10,1,300,0.2,1,0.0005,10,933.0844254493713,central,16.724614810943603,0.7842559899731048,0.7838645795768933
1017,10,10,1,300,0.2,1,0.0005,10,933.0844254493713,local,-103.52164999246597,0.6075667354987174,0.6068155864439209
1018,10,10,1,300,0.2,1,0.0005,10,933.0844254493713,fl,1.7853081226348877,0.6737180695923749,0.6732420818723053
1020,10,10,3,300,10.0,1,0.0005,10,2171.1255033016205,central,15.936983203887939,0.7754069120467533,0.7750077530644178
1021,10,10,3,300,10.0,1,0.0005,10,2171.1255033016205,local,11.320175409317017,0.7464774220899824,0.746021611352616
1022,10,10,3,300,10.0,1,0.0005,10,2171.1255033016205,fl,-8.736198215186596,0.7567719276171531,0.7563602332122333
1036,10,10,2,200,1.0,1,0.0005,10,1530.6559147834778,central,16.016294479370117,0.7669075932418353,0.7664936415016429
1037,10,10,2,200,1.0,1,0.0005,10,1530.6559147834778,local,-101.00726356506348,0.6714149947793255,0.6708128338229528
1038,10,10,2,200,1.0,1,0.0005,10,1530.6559147834778,fl,-6.204405057430267,0.7326036508287508,0.7321798364693708
1052,10,10,5,100,10.0,1,0.0005,10,929.9238746166229,central,15.043056678771972,0.7357228975855176,0.7352527818966017
1053,10,10,5,100,10.0,1,0.0005,10,929.9238746166229,local,-288.63024139404297,0.689446803540045,0.6888653831686788
1054,10,10,5,100,10.0,1,0.0005,10,929.9238746166229,fl,-15.748348045349122,0.7376776711022344,0.737235469349618
1060,10,10,9,200,0.2,1,0.0005,10,2366.043404340744,central,15.281385707855225,0.7425792483482754,0.7421208442660907
1061,10,10,9,200,0.2,1,0.0005,10,2366.043404340744,local,-159.70135316848754,0.5518920986288309,0.5510294314982753
1062,10,10,9,200,0.2,1,0.0005,10,2366.043404340744,fl,-2.9561741948127747,0.6557495487168599,0.655204597877711
1064,10,10,7,100,1.0,1,0.0005,10,2144.527088880539,central,15.681639862060546,0.7788970978871494,0.7785033265454627
1065,10,10,7,100,1.0,1,0.0005,10,2144.527088880539,local,-408.54082946777345,0.6290033786196499,0.6283116605561386
1066,10,10,7,100,1.0,1,0.0005,10,2144.527088880539,fl,-4.983804079890251,0.6718247415489065,0.6712308558337847
1096,10,10,7,50,1.0,1,0.0005,10,2289.410310268402,central,14.10107250213623,0.7563918516313622,0.7559562839008862
1097,10,10,7,50,1.0,1,0.0005,10,2289.410310268402,local,-8791.472314453125,0.5300135154338944,0.5290642702081311
1098,10,10,7,50,1.0,1,0.0005,10,2289.410310268402,fl,-12.190513384342193,0.44401044321012295,0.4427529028123719
1112,10,10,4,200,10.0,1,0.0005,10,2267.3725578784943,central,15.873783302307128,0.7787542457619192,0.7783583161672241
1113,10,10,4,200,10.0,1,0.0005,10,2267.3725578784943,local,-0.8439687132835388,0.734719292828652,0.7342408301432722
1114,10,10,4,200,10.0,1,0.0005,10,2267.3725578784943,fl,-11.67252733707428,0.7687746408450269,0.7683927142273796
1124,10,10,0,50,0.2,1,0.0005,10,2498.2401175498962,central,14.965481758117676,0.7372503134896489,0.7367786951563767
1125,10,10,0,50,0.2,1,0.0005,10,2498.2401175498962,local,-11877.888403320312,0.41725900062431326,0.416070580268644
1126,10,10,0,50,0.2,1,0.0005,10,2498.2401175498962,fl,-1.9524410486221313,0.35867232642864877,0.3571516774020461
1140,10,10,0,100,0.2,1,0.0005,10,2485.731304168701,central,16.02841634750366,0.7326586487185079,0.732180581502033
1141,10,10,0,100,0.2,1,0.0005,10,2485.731304168701,local,-1000.0255004882813,0.5397956918752659,0.538933118877001
1142,10,10,0,100,0.2,1,0.0005,10,2485.731304168701,fl,3.725449150800705,0.55886574434114,0.5580653909676225
1160,10,10,1,100,0.2,1,0.0005,10,2506.449970960617,central,16.160662174224854,0.7660594972237782,0.7656362298362975
1161,10,10,1,100,0.2,1,0.0005,10,2506.449970960617,local,-1442.2357482910156,0.5032266371853626,0.5022622662255517
1162,10,10,1,100,0.2,1,0.0005,10,2506.449970960617,fl,4.754110670089721,0.5475867787829242,0.5467444690698251
1168,10,10,1,50,0.2,1,0.0005,10,2503.9220192432404,central,14.166242790222167,0.7626176415226016,0.7621857208264925
1169,10,10,1,50,0.2,1,0.0005,10,2503.9220192432404,local,-16470.53154296875,0.41203215677655763,0.4107874896921394
1170,10,10,1,50,0.2,1,0.0005,10,2503.9220192432404,fl,1.5147270798683166,0.4268815479918587,0.4256992879004156
1188,10,10,5,200,10.0,1,0.0005,10,2279.8525824546814,central,15.983280467987061,0.7325366335619699,0.7320610969978072
1189,10,10,5,200,10.0,1,0.0005,10,2279.8525824546814,local,2.1576132718473673,0.733105900815374,0.7326236723198807
1190,10,10,5,200,10.0,1,0.0005,10,2279.8525824546814,fl,-10.248949790000916,0.7646047515848704,0.7642075153617537
1204,10,10,6,50,1.0,1,0.0005,10,2635.8484613895416,central,14.363133430480957,0.7558857725671955,0.7554489406698409
1205,10,10,6,50,1.0,1,0.0005,10,2635.8484613895416,local,-6993.084338378906,0.518143135958055,0.5171556582354383
1206,10,10,6,50,1.0,1,0.0005,10,2635.8484613895416,fl,-0.11209877133369446,0.45972594595449207,0.45846247857458666
1224,10,10,8,200,0.2,1,0.0005,10,2542.4382042884827,central,15.74442253112793,0.7452253615725929,0.7447668462440515
1225,10,10,8,200,0.2,1,0.0005,10,2542.4382042884827,local,-249.60267457962036,0.5775492338726655,0.5767321891606777
1226,10,10,8,200,0.2,1,0.0005,10,2542.4382042884827,fl,-1.3731484532356262,0.653581718040417,0.6530386717359762
1228,10,10,6,100,1.0,1,0.0005,10,2808.0672419071198,central,15.236181449890136,0.752595822813957,0.7521533909701698
1229,10,10,6,100,1.0,1,0.0005,10,2808.0672419071198,local,-496.4893112182617,0.6266594094692863,0.6259456054558165
1230,10,10,6,100,1.0,1,0.0005,10,2808.0672419071198,fl,-12.015055513381958,0.6933510274293341,0.6927871441755522
1236,10,10,4,100,10.0,1,0.0005,10,832.3534977436066,central,15.113984298706054,0.72930400461017,0.7288227413205439
1237,10,10,4,100,10.0,1,0.0005,10,832.3534977436066,local,-283.7612075805664,0.6798596117811249,0.6792572112575525
1238,10,10,4,100,10.0,1,0.0005,10,832.3534977436066,fl,-15.131132555007934,0.7571584203868041,0.7567532043602299
1256,10,10,3,200,1.0,1,0.0005,10,817.6498064994812,central,15.98852605819702,0.7674755937477755,0.7670587755011792
1257,10,10,3,200,1.0,1,0.0005,10,817.6498064994812,local,-7.8099180340766905,0.6983353705398769,0.6977856637605563
1258,10,10,3,200,1.0,1,0.0005,10,817.6498064994812,fl,-8.389309954643249,0.7279725178380769,0.7275022635131847
1260,10,10,0,300,0.2,1,0.0005,10,2696.5981919765472,central,16.468816184997557,0.7697926254713836,0.7693798939846027
1261,10,10,0,300,0.2,1,0.0005,10,2696.5981919765472,local,-58.89930934906006,0.6343501067102547,0.6336737601167046
1262,10,10,0,300,0.2,1,0.0005,10,2696.5981919765472,fl,0.176912522315979,0.6788214804820284,0.6783651672910304
1264,10,10,2,300,10.0,1,0.0005,10,1532.9322164058685,central,16.37359972000122,0.774353107855449,0.7739491603742863
1265,10,10,2,300,10.0,1,0.0005,10,1532.9322164058685,local,12.293726825714112,0.7370289203715158,0.7365592620024956
1266,10,10,2,300,10.0,1,0.0005,10,1532.9322164058685,fl,-8.844224429130554,0.7552765223329186,0.7548748272549827
1292,10,10,9,200,10.0,1,0.0005,10,1506.8297328948975,central,15.989743328094482,0.7585636747038349,0.7581317693908803
1293,10,10,9,200,10.0,1,0.0005,10,1506.8297328948975,local,3.558258980512619,0.7328235939604928,0.7323382607576269
1294,10,10,9,200,10.0,1,0.0005,10,1506.8297328948975,fl,-10.751638031005859,0.7552140541698538,0.7548121620200827
1312,10,10,6,50,10.0,1,0.0005,10,2477.2525522708893,central,13.773738193511964,0.7336236117006089,0.7331461311299503
1313,10,10,6,50,10.0,1,0.0005,10,2477.2525522708893,local,-8362.5845703125,0.6287455067559938,0.6280321663005842
1314,10,10,6,50,10.0,1,0.0005,10,2477.2525522708893,fl,-16.66233680844307,0.5967082431302807,0.5958680898664804
1316,10,10,7,300,1.0,1,0.0005,10,1364.2408368587494,central,16.3518630027771,0.7829555455872662,0.7825703229482298
1317,10,10,7,300,1.0,1,0.0005,10,1364.2408368587494,local,0.6948841363191605,0.7080214011519181,0.707488618564723
1318,10,10,7,300,1.0,1,0.0005,10,1364.2408368587494,fl,-5.493277549743652,0.7488289230021035,0.7484342276314045
1348,10,10,8,100,10.0,1,0.0005,10,865.1908774375916,central,15.358417415618897,0.747821523470897,0.7473708804375927
1349,10,10,8,100,10.0,1,0.0005,10,865.1908774375916,local,-160.42792892456055,0.6963820154575978,0.6958308605722695
1350,10,10,8,100,10.0,1,0.0005,10,865.1908774375916,fl,-15.319033741950989,0.7471679583855381,0.7467165267153422
1364,10,10,4,200,0.2,1,0.0005,10,2338.927515268326,central,16.150811290740968,0.7668872888192048,0.7664618370613913
1365,10,10,4,200,0.2,1,0.0005,10,2338.927515268326,local,-120.65393438339234,0.5611945096051498,0.5603785138954076
1366,10,10,4,200,0.2,1,0.0005,10,2338.927515268326,fl,1.2571591585874557,0.6465730911162574,0.6460476734023867
1368,10,10,3,100,10.0,1,0.0005,10,847.8703327178955,central,15.29883632659912,0.7479928460719136,0.7475396217566267
1369,10,10,3,100,10.0,1,0.0005,10,847.8703327178955,local,-197.69683532714845,0.6830589308593213,0.6824645447125728
1370,10,10,3,100,10.0,1,0.0005,10,847.8703327178955,fl,-15.505005407333375,0.7510057819185654,0.750558623930377
1376,10,10,1,100,1.0,1,0.0005,10,2577.4110708236694,central,16.162677192687987,0.7593334595698639,0.7589019636690558
1377,10,10,1,100,1.0,1,0.0005,10,2577.4110708236694,local,-420.3300590515137,0.6312144736904204,0.6305136039940831
1378,10,10,1,100,1.0,1,0.0005,10,2577.4110708236694,fl,-6.89598696231842,0.6799618903466672,0.679418803652213
1408,10,10,1,50,1.0,1,0.0005,10,1564.5301682949066,central,14.41064281463623,0.7048264895619226,0.704290725651191
1409,10,10,1,50,1.0,1,0.0005,10,1564.5301682949066,local,-10611.7576171875,0.5071605701329134,0.5060974791321954
1410,10,10,1,50,1.0,1,0.0005,10,1564.5301682949066,fl,-4.55211832523346,0.45714949519907966,0.45585945800579875
1424,10,10,2,200,10.0,1,0.0005,10,2275.333337545395,central,16.02774362564087,0.7740131112710856,0.773608643191701
1425,10,10,2,200,10.0,1,0.0005,10,2275.333337545395,local,3.5116145849227904,0.7363813920511655,0.7359080646696377
1426,10,10,2,200,10.0,1,0.0005,10,2275.333337545395,fl,-9.878357100486756,0.7576093977599948,0.7572110992361567
1428,10,10,9,300,10.0,1,0.0005,10,2383.2144923210144,central,15.570479679107667,0.7597614942865829,0.7593347724216603
1429,10,10,9,300,10.0,1,0.0005,10,2383.2144923210144,local,11.180465650558471,0.7393946124771815,0.7389275334295838
1430,10,10,9,300,10.0,1,0.0005,10,2383.2144923210144,fl,-8.715275400877,0.7522026623528809,0.7517902580259617
1436,10,10,6,50,0.2,1,0.0005,10,2504.4558317661285,central,14.11768913269043,0.7583647118683883,0.7579247609527132
1437,10,10,6,50,0.2,1,0.0005,10,2504.4558317661285,local,-11405.177783203126,0.39906058879940753,0.39779791056474145
1438,10,10,6,50,0.2,1,0.0005,10,2504.4558317661285,fl,-3.85105539560318,0.40661314971292234,0.4053571480857136
1456,10,10,8,200,1.0,1,0.0005,10,922.1324436664581,central,15.789601135253907,0.7487456434309028,0.7482958489655106
1457,10,10,8,200,1.0,1,0.0005,10,922.1324436664581,local,-30.89518152475357,0.6803513922970081,0.6797577766861987
1458,10,10,8,200,1.0,1,0.0005,10,922.1324436664581,fl,-10.303924012184144,0.723626891152379,0.7231882890500223
1460,10,10,6,100,0.2,1,0.0005,10,2387.239086151123,central,15.165127182006836,0.7656960064269325,0.765266172806709
1461,10,10,6,100,0.2,1,0.0005,10,2387.239086151123,local,-2037.565740966797,0.49124123022667543,0.4902502975005252
1462,10,10,6,100,0.2,1,0.0005,10,2387.239086151123,fl,1.4826745510101318,0.5670159562957995,0.5662849717132789
1464,10,10,3,200,0.2,1,0.0005,10,822.2023565769196,central,15.77444143295288,0.7506930392690486,0.7502397399535164
1465,10,10,3,200,0.2,1,0.0005,10,822.2023565769196,local,-215.24437103271484,0.5366053876605081,0.5356888348140141
1466,10,10,3,200,0.2,1,0.0005,10,822.2023565769196,fl,1.6205599009990692,0.6079176154133039,0.6073378785217737
1512,10,10,0,300,1.0,1,0.0005,10,2531.395397901535,central,16.707005500793457,0.7708723641681855,0.7704619476019801
1513,10,10,0,300,1.0,1,0.0005,10,2531.395397901535,local,-8.350729966163636,0.7115509266776439,0.7110254216704904
1514,10,10,0,300,1.0,1,0.0005,10,2531.395397901535,fl,-5.861540293693542,0.7358099499213664,0.7354125030008125
1516,10,10,1,50,10.0,1,0.0005,10,2571.650069952011,central,14.494630050659179,0.7234548122948101,0.7229610292587239
1517,10,10,1,50,10.0,1,0.0005,10,2571.650069952011,local,-5993.374487304687,0.6075269354239539,0.6067602288019949
1518,10,10,1,50,10.0,1,0.0005,10,2571.650069952011,fl,-8.29904580116272,0.571530815800247,0.5706586957039008
1540,10,10,7,300,0.2,1,0.0005,10,1359.4268605709076,central,16.323414611816407,0.790949512648033,0.7905711219839306
1541,10,10,7,300,0.2,1,0.0005,10,1359.4268605709076,local,-88.06641478538513,0.5952371452460277,0.5944506421788927
1542,10,10,7,300,0.2,1,0.0005,10,1359.4268605709076,fl,3.553036719560623,0.6865941432981295,0.6861073159062525
1556,10,10,5,300,10.0,1,0.0005,10,2336.1483368873596,central,16.026795291900633,0.7467113670526445,0.7462536009626468
1557,10,10,5,300,10.0,1,0.0005,10,2336.1483368873596,local,10.419312858581543,0.7487435074336848,0.7482921211769391
1558,10,10,5,300,10.0,1,0.0005,10,2336.1483368873596,fl,-7.850264000892639,0.7624900358330595,0.7620881188398129
1564,10,10,4,200,1.0,1,0.0005,10,1560.134004831314,central,15.874617576599121,0.7783976834629923,0.7780047717447247
1565,10,10,4,200,1.0,1,0.0005,10,1560.134004831314,local,-56.03423405885697,0.6853361436920405,0.6847560227597155
1566,10,10,4,200,1.0,1,0.0005,10,1560.134004831314,fl,-9.253493678569793,0.7474470949852936,0.7470383939074547
1600,10,10,5,200,1.0,1,0.0005,10,902.4262094497681,central,15.26281681060791,0.7749822089475554,0.7745787468847571
1601,10,10,5,200,1.0,1,0.0005,10,902.4262094497681,local,-16.386821746826172,0.6910273690006232,0.6904645803832316
1602,10,10,5,200,1.0,1,0.0005,10,902.4262094497681,fl,-7.327607989311218,0.7307809733154181,0.7303618029621604
1604,10,10,6,300,0.2,1,0.0005,10,1667.2704000473022,central,16.287426280975343,0.7680705758525294,0.7676485798113726
1605,10,10,6,300,0.2,1,0.0005,10,1667.2704000473022,local,-216.92806100845337,0.561685176399032,0.5608385755820418
1606,10,10,6,300,0.2,1,0.0005,10,1667.2704000473022,fl,1.1014555841684341,0.6290487075599124,0.6284587193361648
1620,10,10,4,300,10.0,1,0.0005,10,2360.235735177994,central,15.787416553497314,0.7329861314846122,0.7325111214436226
1621,10,10,4,300,10.0,1,0.0005,10,2360.235735177994,local,11.572832679748535,0.7471861086955053,0.7467324504432094
1622,10,10,4,300,10.0,1,0.0005,10,2360.235735177994,fl,-9.501323413848876,0.7666342127051944,0.7662306962211476
1656,10,10,1,300,1.0,1,0.0005,10,1569.6158571243286,central,16.523589420318604,0.7631562087621834,0.7627328342113084
1657,10,10,1,300,1.0,1,0.0005,10,1569.6158571243286,local,7.754107069969177,0.7005834494275958,0.7000388693696602
1658,10,10,1,300,1.0,1,0.0005,10,1569.6158571243286,fl,-3.7755979895591736,0.7134181678666813,0.7129818980676687
1660,10,10,0,50,10.0,1,0.0005,10,2543.491926431656,central,14.76908483505249,0.7562896137685933,0.7558562087421096
1661,10,10,0,50,10.0,1,0.0005,10,2543.491926431656,local,-6882.210278320313,0.5712747661587435,0.5704394162007981
1662,10,10,0,50,10.0,1,0.0005,10,2543.491926431656,fl,-19.596093082427977,0.6178894559760183,0.617159479082414
1700,10,10,2,200,0.2,1,0.0005,10,870.6444325447083,central,15.99942855834961,0.7437627419711782,0.7433047175178745
1701,10,10,2,200,0.2,1,0.0005,10,870.6444325447083,local,-273.9605720996857,0.5495847538233509,0.5487222675348394
1702,10,10,2,200,0.2,1,0.0005,10,870.6444325447083,fl,4.64230640232563,0.6247540596295215,0.6241657385994654
1712,10,10,9,200,1.0,1,0.0005,10,2337.0142691135406,central,15.103149795532227,0.7479644569730953,0.7475138226286734
1713,10,10,9,200,1.0,1,0.0005,10,2337.0142691135406,local,-59.60205364190042,0.6685730316413995,0.6679564621933989
1714,10,10,9,200,1.0,1,0.0005,10,2337.0142691135406,fl,-4.47378856446594,0.7242194499463342,0.7237834524707248
1716,10,10,7,100,0.2,1,0.0005,10,2634.6269719600677,central,15.35115966796875,0.7803364942461319,0.7799767479784779
1717,10,10,7,100,0.2,1,0.0005,10,2634.6269719600677,local,-715.0880020141601,0.5228242475489795,0.5218931733446484
1718,10,10,7,100,0.2,1,0.0005,10,2634.6269719600677,fl,5.095551002025604,0.5485853305977691,0.5478049783737307
1724,10,10,7,50,0.2,1,0.0005,10,2167.3155312538147,central,14.670137310028077,0.7275456879993129,0.727059822343881
1725,10,10,7,50,0.2,1,0.0005,10,2167.3155312538147,local,-16777.621203613282,0.42811007968195475,0.4269518475652476
1726,10,10,7,50,0.2,1,0.0005,10,2167.3155312538147,fl,-0.19565847516059875,0.34925109655788356,0.3477088940138059
1732,10,10,8,300,10.0,1,0.0005,10,1488.7678184509277,central,16.08399534225464,0.7611547965644422,0.7607296000459486
1733,10,10,8,300,10.0,1,0.0005,10,1488.7678184509277,local,11.344722127914428,0.7328346605409547,0.7323555197906282
1734,10,10,8,300,10.0,1,0.0005,10,1488.7678184509277,fl,-8.25647485256195,0.7539016303546355,0.7534808013369494
1748,10,10,3,200,10.0,1,0.0005,10,2419.001819372177,central,16.088502407073975,0.7577220285454043,0.7572889833883867
1749,10,10,3,200,10.0,1,0.0005,10,2419.001819372177,local,3.3240366160869597,0.7267279223226705,0.726237995681306
1750,10,10,3,200,10.0,1,0.0005,10,2419.001819372177,fl,-7.7867248296737674,0.7639232645713092,0.763533338914234
1756,10,10,0,50,1.0,1,0.0005,10,2456.6128096580505,central,14.66041316986084,0.7398969542501352,0.7394349128171823
1757,10,10,0,50,1.0,1,0.0005,10,2456.6128096580505,local,-11125.319799804687,0.5194719798142863,0.5185183183924199
1758,10,10,0,50,1.0,1,0.0005,10,2456.6128096580505,fl,-7.978954064846039,0.4790495986655145,0.4778989232430103
1784,10,10,0,100,1.0,1,0.0005,10,2610.820381164551,central,16.284611988067628,0.7644564586028751,0.7640341147434834
1785,10,10,0,100,1.0,1,0.0005,10,2610.820381164551,local,-617.3541046142578,0.6149177109269239,0.6141855785141476
1786,10,10,0,100,1.0,1,0.0005,10,2610.820381164551,fl,-7.249993062019348,0.6532651946429529,0.652687219226072
1792,10,10,2,100,10.0,1,0.0005,10,2548.483674764633,central,15.413634300231934,0.7152949734429029,0.714785145228539
1793,10,10,2,100,10.0,1,0.0005,10,2548.483674764633,local,-139.5219497680664,0.6967512994674616,0.6962016777353264
1794,10,10,2,100,10.0,1,0.0005,10,2548.483674764633,fl,-12.901305150985717,0.7346422993911063,0.734186639586196
