,seed,shift_scale,D,runtime_sec,lr,K,n_clients,lambda,N,algorithm,Log-likelihood,err_true,err_central
48,4,2.0,10,1227.0630278587341,0.0005,3,10,1.0,10,central,-22.782897993484237,1.7479942859879916,
49,4,2.0,10,1227.0630278587341,0.0005,3,10,1.0,10,local,-78.67421498341018,6.304977604703941,6.078790542526374
50,4,2.0,10,1227.0630278587341,0.0005,3,10,1.0,10,fl,-20.007416446347708,4.525268974000602,4.35408461469647
52,4,0.2,10,1340.1978838443756,0.0005,3,10,1.0,100,central,-15.459465745976695,0.26045110476602074,
53,4,0.2,10,1340.1978838443756,0.0005,3,10,1.0,100,local,-15.597845900655258,0.8432970845089148,0.8034985674244389
54,4,0.2,10,1340.1978838443756,0.0005,3,10,1.0,100,fl,-15.435971924099002,0.5934464888552416,0.5359108433216278
56,5,0.2,10,1484.346539258957,0.0005,3,10,1.0,50,central,-15.499824406658494,0.28760214930862493,
57,5,0.2,10,1484.346539258957,0.0005,3,10,1.0,50,local,-16.03975723672948,0.9215445656051495,0.8816993293292741
58,5,0.2,10,1484.346539258957,0.0005,3,10,1.0,50,fl,-15.617971129651796,0.6513592067119616,0.5837487133981473
68,6,1.0,10,1432.99076628685,0.0005,3,10,1.0,10,central,-18.4541226459451,1.0500272353243443,
69,6,1.0,10,1432.99076628685,0.0005,3,10,1.0,10,local,-38.157001954676225,3.5783347432099823,3.442935781249772
70,6,1.0,10,1432.99076628685,0.0005,3,10,1.0,10,fl,-16.829631007926817,2.40419247281519,2.1899879603191588
76,3,1.0,10,1258.4355356693268,0.0005,3,10,1.0,100,central,-18.55783577672314,0.9578698952178991,
77,3,1.0,10,1258.4355356693268,0.0005,3,10,1.0,100,local,-15.603881089863865,3.214822915578586,3.071512097313477
78,3,1.0,10,1258.4355356693268,0.0005,3,10,1.0,100,fl,-16.096333482718883,2.1997812934250853,1.988386804112094
84,8,1.0,10,1334.4130835533142,0.0005,3,10,1.0,25,central,-18.741657191769576,0.8459712892184615,
85,8,1.0,10,1334.4130835533142,0.0005,3,10,1.0,25,local,-17.584945391285867,3.323718154732456,3.18547982048068
86,8,1.0,10,1334.4130835533142,0.0005,3,10,1.0,25,fl,-16.41549272013353,2.2543315803917854,2.0625022371015262
88,2,1.0,10,1347.1123750209808,0.0005,3,10,1.0,50,central,-18.62245071573312,1.1326239869635721,
89,2,1.0,10,1347.1123750209808,0.0005,3,10,1.0,50,local,-16.002083585391546,3.336474039565437,3.1243980538128433
90,2,1.0,10,1347.1123750209808,0.0005,3,10,1.0,50,fl,-16.13889636640595,2.3348057168921845,2.026832625605789
96,0,2.0,10,1531.795670747757,0.0005,3,10,1.0,50,central,-22.69225635347827,1.858467194865946,
97,0,2.0,10,1531.795670747757,0.0005,3,10,1.0,50,local,-16.07540228227291,6.169464619488204,5.916541686182527
98,0,2.0,10,1531.795670747757,0.0005,3,10,1.0,50,fl,-17.936941405771293,4.200108293880305,3.8085308923487653
108,1,2.0,10,1266.1071331501007,0.0005,3,10,1.0,100,central,-22.216466287471718,1.9382189752566719,
109,1,2.0,10,1266.1071331501007,0.0005,3,10,1.0,100,local,-15.591112109356809,5.757927439056909,5.441197920421731
110,1,2.0,10,1266.1071331501007,0.0005,3,10,1.0,100,fl,-17.631498289862,3.986205704441685,3.5031968745772892
112,1,0.2,10,1327.6136622428894,0.0005,3,10,1.0,10,central,-15.729253283935776,0.5247190162293126,
113,1,0.2,10,1327.6136622428894,0.0005,3,10,1.0,10,local,-47.94286781725979,1.6247796647144912,1.5474145086739837
114,1,0.2,10,1327.6136622428894,0.0005,3,10,1.0,10,fl,-17.150451943881134,1.1214345877402243,1.000191540628427
196,3,0.2,10,1344.1345846652985,0.0005,3,10,1.0,25,central,-15.499397160429272,0.3402337052625269,
197,3,0.2,10,1344.1345846652985,0.0005,3,10,1.0,25,local,-17.32181777070418,1.2731435724140563,1.2281338329704297
198,3,0.2,10,1344.1345846652985,0.0005,3,10,1.0,25,fl,-15.850136380938448,0.8608075853935029,0.7942553878575365
200,9,0.2,10,1362.1778326034546,0.0005,3,10,1.0,50,central,-15.52192681666493,0.33985593584979307,
201,9,0.2,10,1362.1778326034546,0.0005,3,10,1.0,50,local,-16.014767077638062,0.9594015832522791,0.8990583261747396
202,9,0.2,10,1362.1778326034546,0.0005,3,10,1.0,50,fl,-15.624853949562787,0.6855471633588441,0.5955084548863825
204,8,0.2,10,1230.2208092212677,0.0005,3,10,1.0,100,central,-15.534360456568786,0.2116199843850576,
205,8,0.2,10,1230.2208092212677,0.0005,3,10,1.0,100,local,-15.689956223244124,0.8396192446145344,0.816029256416037
206,8,0.2,10,1230.2208092212677,0.0005,3,10,1.0,100,fl,-15.527336258486963,0.5790113253317279,0.5468364851309339
208,8,2.0,10,1383.042109489441,0.0005,3,10,1.0,10,central,-23.168796771682526,1.5974452487674122,
209,8,2.0,10,1383.042109489441,0.0005,3,10,1.0,10,local,-63.50469662983774,6.537989574037498,6.280145996074333
210,8,2.0,10,1383.042109489441,0.0005,3,10,1.0,10,fl,-19.799588184348384,4.579968127479658,4.290546382103452
220,4,1.0,10,1264.7544374465942,0.0005,3,10,1.0,25,central,-18.528251349553948,0.8300818004762505,
221,4,1.0,10,1264.7544374465942,0.0005,3,10,1.0,25,local,-17.575922422776767,3.2153125078907783,3.106921569227961
222,4,1.0,10,1264.7544374465942,0.0005,3,10,1.0,25,fl,-16.3646007241733,2.185222914222542,2.0153967789619536
232,6,2.0,10,1268.918185710907,0.0005,3,10,1.0,25,central,-22.374015158007936,1.8137947751755068,
233,6,2.0,10,1268.918185710907,0.0005,3,10,1.0,25,local,-17.642554076990187,6.007660409067709,5.733463111240956
234,6,2.0,10,1268.918185710907,0.0005,3,10,1.0,25,fl,-17.884121383117893,4.1580186746215695,3.7231231978719017
352,7,2.0,10,1444.5010788440704,0.0005,3,10,1.0,25,central,-22.680227346837047,1.331985362931693,
353,7,2.0,10,1444.5010788440704,0.0005,3,10,1.0,25,local,-17.5088006071921,6.0705899858535854,5.937278602413606
354,7,2.0,10,1444.5010788440704,0.0005,3,10,1.0,25,fl,-17.937942368283725,4.048676953060221,3.8268202138103375
368,5,1.0,10,1265.2711980342865,0.0005,3,10,1.0,25,central,-18.265999882674624,1.1801831269772152,
369,5,1.0,10,1265.2711980342865,0.0005,3,10,1.0,25,local,-18.206631053445488,3.218028628407398,2.9945193758997415
370,5,1.0,10,1265.2711980342865,0.0005,3,10,1.0,25,fl,-16.268950425998774,2.2748772118805003,1.9339662653774112
380,9,0.2,10,1359.8661289215088,0.0005,3,10,1.0,100,central,-15.50054537064425,0.38963359861233343,
381,9,0.2,10,1359.8661289215088,0.0005,3,10,1.0,100,local,-15.64136081734867,0.8848155863382028,0.8071677031756274
382,9,0.2,10,1359.8661289215088,0.0005,3,10,1.0,100,fl,-15.479926160469788,0.6499064988916048,0.526343726409385
384,9,2.0,10,1335.1197926998138,0.0005,3,10,1.0,10,central,-22.673174394977767,2.552671940762035,
385,9,2.0,10,1335.1197926998138,0.0005,3,10,1.0,10,local,-52.3435860043543,6.434713668879892,5.976234050757276
386,9,2.0,10,1335.1197926998138,0.0005,3,10,1.0,10,fl,-18.705665086165737,4.679023700408427,4.002051553342189
388,2,0.2,10,1385.993444442749,0.0005,3,10,1.0,25,central,-15.57835409584506,0.4343535620467797,
389,2,0.2,10,1385.993444442749,0.0005,3,10,1.0,25,local,-17.226748295597083,1.179127704281788,1.0894616511261743
390,2,0.2,10,1385.993444442749,0.0005,3,10,1.0,25,fl,-15.919213116619906,0.8387092482958524,0.7124297169217597
392,8,0.2,10,1285.7595410346985,0.0005,3,10,1.0,50,central,-15.548479033836733,0.35955879989646067,
393,8,0.2,10,1285.7595410346985,0.0005,3,10,1.0,50,local,-16.126054928534217,1.0096414927759922,0.9339197950946589
394,8,0.2,10,1285.7595410346985,0.0005,3,10,1.0,50,fl,-15.648260556800011,0.7098242461432324,0.605323482393666
480,0,2.0,10,1136.2025196552277,0.0005,3,10,1.0,100,central,-22.689626958646624,1.8348654998095615,
481,0,2.0,10,1136.2025196552277,0.0005,3,10,1.0,100,local,-15.602428068990724,6.1540608276024145,5.916185685556191
482,0,2.0,10,1136.2025196552277,0.0005,3,10,1.0,100,fl,-17.89377962409447,4.221354559765706,3.846851961410335
484,0,0.2,10,1243.8551890850067,0.0005,3,10,1.0,10,central,-15.6833913220262,0.41644691772293513,
485,0,0.2,10,1243.8551890850067,0.0005,3,10,1.0,10,local,-62.903679096733995,1.77871769112204,1.7220903012803368
486,0,0.2,10,1243.8551890850067,0.0005,3,10,1.0,10,fl,-17.48778925665299,1.339245482074105,1.246115118088728
488,1,2.0,10,1379.9795088768005,0.0005,3,10,1.0,50,central,-22.238191921550037,2.058479016767745,
489,1,2.0,10,1379.9795088768005,0.0005,3,10,1.0,50,local,-16.186121067452,5.804689841915019,5.443229584430197
490,1,2.0,10,1379.9795088768005,0.0005,3,10,1.0,50,fl,-17.586667846738056,4.080061369488582,3.5466481231009035
496,9,1.0,10,1361.791158914566,0.0005,3,10,1.0,25,central,-18.440713157397422,1.190459133090434,
497,9,1.0,10,1361.791158914566,0.0005,3,10,1.0,25,local,-18.232539030669894,3.248562851203664,3.0377306719011328
498,9,1.0,10,1361.791158914566,0.0005,3,10,1.0,25,fl,-16.338113752111063,2.2765638315683203,1.9638912499584973
500,3,1.0,10,1260.0166370868683,0.0005,3,10,1.0,50,central,-18.603843656774433,0.9597278505725776,
501,3,1.0,10,1260.0166370868683,0.0005,3,10,1.0,50,local,-16.101516851003204,3.2214722114665966,3.0776711912187453
502,3,1.0,10,1260.0166370868683,0.0005,3,10,1.0,50,fl,-16.19398455013762,2.1995762851268363,1.9865808716114302
508,2,1.0,10,1302.9239571094513,0.0005,3,10,1.0,100,central,-18.579377063241655,1.1667797110333407,
509,2,1.0,10,1302.9239571094513,0.0005,3,10,1.0,100,local,-15.600128123988487,3.3558973337223,3.1270733864020723
510,2,1.0,10,1302.9239571094513,0.0005,3,10,1.0,100,fl,-16.043295465750543,2.3651737961413963,2.0376810334150464
520,7,1.0,10,1370.8466005325317,0.0005,3,10,1.0,10,central,-18.64376945421285,0.8560998408622615,
521,7,1.0,10,1370.8466005325317,0.0005,3,10,1.0,10,local,-42.87262313979649,3.4186660564636746,3.3242547571067953
522,7,1.0,10,1370.8466005325317,0.0005,3,10,1.0,10,fl,-16.952351108488152,2.2878269441108374,2.125008541239029
532,4,0.2,10,1325.8355085849762,0.0005,3,10,1.0,50,central,-15.470027360709699,0.26275769977977304,
533,4,0.2,10,1325.8355085849762,0.0005,3,10,1.0,50,local,-16.020393286773825,1.008263383596003,0.9765338565919783
534,4,0.2,10,1325.8355085849762,0.0005,3,10,1.0,50,fl,-15.560753092063631,0.6875419051253755,0.6368871555829431
544,5,2.0,10,1295.2146332263947,0.0005,3,10,1.0,10,central,-22.444215552855987,1.9665229204823245,
545,5,2.0,10,1295.2146332263947,0.0005,3,10,1.0,10,local,-102.18577155392254,6.296463451058161,5.956625487761812
546,5,2.0,10,1295.2146332263947,0.0005,3,10,1.0,10,fl,-24.73572088502913,6.170371523597981,5.782460694804178
548,5,0.2,10,1329.2115604877472,0.0005,3,10,1.0,100,central,-15.460021200684526,0.31353158366379086,
549,5,0.2,10,1329.2115604877472,0.0005,3,10,1.0,100,local,-15.589356985916528,0.8202217069356459,0.7606963760638551
550,5,0.2,10,1329.2115604877472,0.0005,3,10,1.0,100,fl,-15.437859617034315,0.5885205046202134,0.503491929386888
648,5,0.2,10,1181.8876309394836,0.0005,3,10,1.0,25,central,-15.526383845659783,0.4204000371023926,
649,5,0.2,10,1181.8876309394836,0.0005,3,10,1.0,25,local,-18.20663105344555,1.2544517164436708,1.180108051652309
650,5,0.2,10,1181.8876309394836,0.0005,3,10,1.0,25,fl,-16.001982350900917,0.8696400178369394,0.757548739063405
668,2,1.0,10,1461.811592578888,0.0005,3,10,1.0,25,central,-18.662945802841186,1.1849712649066746,
669,2,1.0,10,1461.811592578888,0.0005,3,10,1.0,25,local,-17.226748295597115,3.3605710340523958,3.1343860588026327
670,2,1.0,10,1461.811592578888,0.0005,3,10,1.0,25,fl,-16.26893899863982,2.3635148364825267,2.035381020854582
672,8,1.0,10,1387.9525890350342,0.0005,3,10,1.0,50,central,-18.691075318807854,0.9723318806235968,
673,8,1.0,10,1387.9525890350342,0.0005,3,10,1.0,50,local,-16.126054928534217,3.3361944461753117,3.1746051037761562
674,8,1.0,10,1387.9525890350342,0.0005,3,10,1.0,50,fl,-16.25884121468263,2.2688231661500162,2.0523451542851214
676,9,1.0,10,1413.8785784244537,0.0005,3,10,1.0,100,central,-18.3678133694342,1.2942125250219554,
677,9,1.0,10,1413.8785784244537,0.0005,3,10,1.0,100,local,-15.641360817348673,3.2248705693025217,2.9780005664388547
678,9,1.0,10,1413.8785784244537,0.0005,3,10,1.0,100,fl,-16.08176415117382,2.3109918205994417,1.9283351746162203
684,0,2.0,10,1244.0183231830597,0.0005,3,10,1.0,25,central,-22.702845970340185,1.8946309399559922,
685,0,2.0,10,1244.0183231830597,0.0005,3,10,1.0,25,local,-17.939469862096605,6.240850114754532,5.995078710933816
686,0,2.0,10,1244.0183231830597,0.0005,3,10,1.0,25,fl,-18.111819639730157,4.4013876837320725,4.018003688743441
768,2,0.2,10,1248.238181591034,0.0005,3,10,1.0,100,central,-15.467187288191505,0.30105902447553495,
769,2,0.2,10,1248.238181591034,0.0005,3,10,1.0,100,local,-15.600128123988489,0.865000914780104,0.8083097304525164
770,2,0.2,10,1248.238181591034,0.0005,3,10,1.0,100,fl,-15.43852670381796,0.6183969732271282,0.539330615146838
772,2,2.0,10,1132.9970343112946,0.0005,3,10,1.0,10,central,-23.08065966554947,2.2152308325629835,
773,2,2.0,10,1132.9970343112946,0.0005,3,10,1.0,10,local,-52.27798995809409,6.824061614831277,6.445750095790484
774,2,2.0,10,1132.9970343112946,0.0005,3,10,1.0,10,fl,-23.341771643333278,6.33135783839704,5.743303583819363
780,9,0.2,10,1290.4673504829407,0.0005,3,10,1.0,25,central,-15.607309805994896,0.38145458070484795,
781,9,0.2,10,1290.4673504829407,0.0005,3,10,1.0,25,local,-18.232539030669848,1.2159309289855733,1.1610304477020468
782,9,0.2,10,1290.4673504829407,0.0005,3,10,1.0,25,fl,-16.06862860974106,0.8364293212039573,0.7523237815003563
784,3,0.2,10,1228.5530202388763,0.0005,3,10,1.0,50,central,-15.516672230577857,0.3624242790854881,
785,3,0.2,10,1228.5530202388763,0.0005,3,10,1.0,50,local,-16.101516851003208,0.9547239619128094,0.8822347910790478
786,3,0.2,10,1228.5530202388763,0.0005,3,10,1.0,50,fl,-15.621157051042598,0.6819018256281435,0.5783250417829786
792,0,1.0,10,1265.154184103012,0.0005,3,10,1.0,10,central,-18.59690963546749,0.875983878100176,
793,0,1.0,10,1265.154184103012,0.0005,3,10,1.0,10,local,-64.2338366564927,3.4156235368177845,3.3031707052280774
794,0,1.0,10,1265.154184103012,0.0005,3,10,1.0,10,fl,-17.645691978868392,2.460948778505734,2.2509737252437594
808,5,1.0,10,1262.5219852924347,0.0005,3,10,1.0,100,central,-18.193546049283068,1.0830952310068416,
809,5,1.0,10,1262.5219852924347,0.0005,3,10,1.0,100,local,-15.589356985916524,3.0434754166505513,2.8499516416467876
810,5,1.0,10,1262.5219852924347,0.0005,3,10,1.0,100,fl,-15.966558744609046,2.138388718695758,1.8444165927882044
816,4,1.0,10,1321.5359694957733,0.0005,3,10,1.0,50,central,-18.4623995811637,0.8235696948039438,
817,4,1.0,10,1321.5359694957733,0.0005,3,10,1.0,50,local,-16.02039328677382,3.170062726542141,3.071673756979137
818,4,1.0,10,1321.5359694957733,0.0005,3,10,1.0,50,fl,-16.13392783129462,2.146546732445376,1.9908451260815003
828,6,2.0,10,1210.5793368816376,0.0005,3,10,1.0,50,central,-22.354588813721058,1.9217543165310034,
829,6,2.0,10,1210.5793368816376,0.0005,3,10,1.0,50,local,-16.043359378429223,6.076291691180377,5.785336018682883
830,6,2.0,10,1210.5793368816376,0.0005,3,10,1.0,50,fl,-17.755114326390878,4.260782497698257,3.8057190254513187
836,7,0.2,10,1349.9762833118439,0.0005,3,10,1.0,10,central,-15.820168641175403,0.527980722885833,
837,7,0.2,10,1349.9762833118439,0.0005,3,10,1.0,10,local,-42.83593042484655,1.7796805966974063,1.703982614183293
838,7,0.2,10,1349.9762833118439,0.0005,3,10,1.0,10,fl,-17.515078400718384,1.2142383951460578,1.090954209787559
840,7,2.0,10,1283.55113697052,0.0005,3,10,1.0,100,central,-22.64778400903456,1.256110348251443,
841,7,2.0,10,1283.55113697052,0.0005,3,10,1.0,100,local,-15.676613230024008,5.979861603494002,5.852376252622327
842,7,2.0,10,1283.55113697052,0.0005,3,10,1.0,100,fl,-17.80776713250723,4.014434797806329,3.828250599966966
936,6,0.2,10,1439.7599868774414,0.0005,3,10,1.0,10,central,-15.75305211478119,0.5969548926802323,
937,6,0.2,10,1439.7599868774414,0.0005,3,10,1.0,10,local,-38.15037764490295,1.8287888355292332,1.73836758395123
938,6,0.2,10,1439.7599868774414,0.0005,3,10,1.0,10,fl,-17.06262059683072,1.2456011160407443,1.1083672306478967
940,6,2.0,10,1250.6161971092224,0.0005,3,10,1.0,100,central,-22.350401646424853,1.757778587490911,
941,6,2.0,10,1250.6161971092224,0.0005,3,10,1.0,100,local,-15.654192385766937,5.993128908212502,5.7349635328082975
942,6,2.0,10,1250.6161971092224,0.0005,3,10,1.0,100,fl,-17.7021225626764,4.143155086825901,3.7394420992663884
948,7,2.0,10,1392.3024821281433,0.0005,3,10,1.0,50,central,-22.652316490036146,1.2277368589470534,
949,7,2.0,10,1392.3024821281433,0.0005,3,10,1.0,50,local,-16.08376680383588,6.042435127976365,5.910442490146929
950,7,2.0,10,1392.3024821281433,0.0005,3,10,1.0,50,fl,-17.918769259067986,4.0187727451137185,3.8182818849835103
956,5,1.0,10,1491.260617017746,0.0005,3,10,1.0,50,central,-18.235531708448548,1.0468321668243963,
957,5,1.0,10,1491.260617017746,0.0005,3,10,1.0,50,local,-16.03975723672948,3.0284045415124803,2.867848650795719
958,5,1.0,10,1491.260617017746,0.0005,3,10,1.0,50,fl,-16.011167452209314,2.121205081626552,1.8647338096298907
968,4,1.0,10,1282.5201601982117,0.0005,3,10,1.0,100,central,-18.45905439597621,0.8919793291684516,
969,4,1.0,10,1282.5201601982117,0.0005,3,10,1.0,100,local,-15.597845900655258,3.127828496274096,3.0086277969020583
970,4,1.0,10,1282.5201601982117,0.0005,3,10,1.0,100,fl,-16.032892296888903,2.136490750462108,1.9621206454543665
972,1,1.0,10,1423.1097688674927,0.0005,3,10,1.0,10,central,-18.315668125243135,1.0053393983320105,
973,1,1.0,10,1423.1097688674927,0.0005,3,10,1.0,10,local,-47.91849493765538,3.2627728124632553,3.1206068277345707
974,1,1.0,10,1423.1097688674927,0.0005,3,10,1.0,10,fl,-16.738530462349267,2.2429440031131045,2.0237769587296066
988,8,0.2,10,1388.3008320331573,0.0005,3,10,1.0,25,central,-15.586111390142213,0.2493621191040827,
989,8,0.2,10,1388.3008320331573,0.0005,3,10,1.0,25,local,-17.58494539128561,1.1552271515908903,1.1234258087605886
990,8,0.2,10,1388.3008320331573,0.0005,3,10,1.0,25,fl,-15.996730345568508,0.7751938053873791,0.7289321740314384
992,2,0.2,10,1327.526026725769,0.0005,3,10,1.0,50,central,-15.4932296296975,0.31032160181298474,
993,2,0.2,10,1327.526026725769,0.0005,3,10,1.0,50,local,-16.002083585391546,0.9899981687752553,0.9397664986392517
994,2,0.2,10,1327.526026725769,0.0005,3,10,1.0,50,fl,-15.578971397652818,0.6859386113894013,0.614394056105512
1000,3,0.2,10,1317.3319568634033,0.0005,3,10,1.0,100,central,-15.45770754398236,0.2917930523800601,
1001,3,0.2,10,1317.3319568634033,0.0005,3,10,1.0,100,local,-15.603881089863867,0.8443445607763644,0.7929133331854044
1002,3,0.2,10,1317.3319568634033,0.0005,3,10,1.0,100,fl,-15.436687854965282,0.5940131961478958,0.5181681481844805
1004,3,2.0,10,1222.495302438736,0.0005,3,10,1.0,10,central,-23.10896718937177,1.6722842621037621,
1005,3,2.0,10,1222.495302438736,0.0005,3,10,1.0,10,local,-52.68987482621294,6.578164185897096,6.362428123275374
1006,3,2.0,10,1222.495302438736,0.0005,3,10,1.0,10,fl,-21.23181753883006,5.149455220339775,4.882608185237531
1092,1,2.0,10,1256.2550361156464,0.0005,3,10,1.0,25,central,-22.2355788295947,2.1177879676981313,
1093,1,2.0,10,1256.2550361156464,0.0005,3,10,1.0,25,local,-17.541044888289484,5.924177013133407,5.572237503158492
1094,1,2.0,10,1256.2550361156464,0.0005,3,10,1.0,25,fl,-17.640589965669744,4.168404776467782,3.6395401263390026
1096,8,1.0,10,1321.0782475471497,0.0005,3,10,1.0,100,central,-18.686498933665426,0.8559845462459288,
1097,8,1.0,10,1321.0782475471497,0.0005,3,10,1.0,100,local,-15.689956223244119,3.281373555743658,3.153956979390823
1098,8,1.0,10,1321.0782475471497,0.0005,3,10,1.0,100,fl,-16.207461263184644,2.2168853134998048,2.0485546233144247
1104,3,1.0,10,1362.553299188614,0.0005,3,10,1.0,25,central,-18.610574047422894,0.9603009046378924,
1105,3,1.0,10,1362.553299188614,0.0005,3,10,1.0,25,local,-17.321817770704182,3.4228646500253985,3.2791171215351924
1106,3,1.0,10,1362.553299188614,0.0005,3,10,1.0,25,fl,-16.346113180375433,2.3102309094037214,2.0990450352385137
1108,9,1.0,10,1377.1444246768951,0.0005,3,10,1.0,50,central,-18.38198170287461,1.2152288249297982,
1109,9,1.0,10,1377.1444246768951,0.0005,3,10,1.0,50,local,-16.014767077638066,3.2088942071494193,2.984194931434268
1110,9,1.0,10,1377.1444246768951,0.0005,3,10,1.0,50,fl,-16.152062031696715,2.2620100840558175,1.9262619002309727
1124,4,0.2,10,1342.710078239441,0.0005,3,10,1.0,25,central,-15.543689746940544,0.3261052835040255,
1125,4,0.2,10,1342.710078239441,0.0005,3,10,1.0,25,local,-17.575922422776777,1.2839780120377775,1.2460835067658045
1126,4,0.2,10,1342.710078239441,0.0005,3,10,1.0,25,fl,-15.93887884222128,0.8626491543327468,0.8056603461382078
1236,8,2.0,10,1370.7733657360077,0.0005,3,10,1.0,50,central,-23.06223776257819,1.8311464665293211,
1237,8,2.0,10,1370.7733657360077,0.0005,3,10,1.0,50,local,-16.1260549285342,6.54367167332334,6.246982107672862
1238,8,2.0,10,1370.7733657360077,0.0005,3,10,1.0,50,fl,-18.222389467932278,4.440446763671192,4.041887014338288
1244,2,2.0,10,1362.3123331069946,0.0005,3,10,1.0,25,central,-23.030823702948357,2.2603197947802998,
1245,2,2.0,10,1362.3123331069946,0.0005,3,10,1.0,25,local,-17.226748295574968,6.53869739228889,6.104897041231689
1246,2,2.0,10,1362.3123331069946,0.0005,3,10,1.0,25,fl,-18.188672327637715,4.748126888279788,4.116347900451421
1248,9,0.2,10,1422.1014778614044,0.0005,3,10,1.0,10,central,-15.86356547563833,0.6531046442124464,
1249,9,0.2,10,1422.1014778614044,0.0005,3,10,1.0,10,local,-52.41827292834714,1.8362443510957807,1.716710592451366
1250,9,0.2,10,1422.1014778614044,0.0005,3,10,1.0,10,fl,-17.401067915228538,1.2875779069153777,1.1059810284181477
1252,9,2.0,10,1247.304720878601,0.0005,3,10,1.0,100,central,-22.561547350656568,2.470718553717621,
1253,9,2.0,10,1247.304720878601,0.0005,3,10,1.0,100,local,-15.64136081734867,6.314713119080583,5.846435359774655
1254,9,2.0,10,1247.304720878601,0.0005,3,10,1.0,100,fl,-17.889325812538857,4.512375541293554,3.7899788283088673
1260,0,1.0,10,1366.7966997623444,0.0005,3,10,1.0,25,central,-18.46468991653433,0.981212880475811,
1261,0,1.0,10,1366.7966997623444,0.0005,3,10,1.0,25,local,-17.939469871434785,3.2495218679749187,3.1192781274991352
1262,0,1.0,10,1366.7966997623444,0.0005,3,10,1.0,25,fl,-16.278949013199245,2.237471214191383,2.0333264650945138
1280,7,0.2,10,1411.666501045227,0.0005,3,10,1.0,25,central,-15.58811977477624,0.43667267642189384,
1281,7,0.2,10,1411.666501045227,0.0005,3,10,1.0,25,local,-17.50880060719208,1.1942013787740864,1.11674428959699
1282,7,0.2,10,1411.666501045227,0.0005,3,10,1.0,25,fl,-15.993763872930122,0.8377704656827921,0.7223254863480224
1388,5,2.0,10,1219.9520363807678,0.0005,3,10,1.0,100,central,-22.314514461540387,2.122765044684128,
1389,5,2.0,10,1219.9520363807678,0.0005,3,10,1.0,100,local,-15.589356985916528,5.97524044899526,5.598439428197969
1390,5,2.0,10,1219.9520363807678,0.0005,3,10,1.0,100,fl,-17.657673566535557,4.185118878350819,3.612267224888319
1392,5,0.2,10,1273.8469803333282,0.0005,3,10,1.0,10,central,-15.747167791814713,0.5762292517637172,
1393,5,0.2,10,1273.8469803333282,0.0005,3,10,1.0,10,local,-102.791315478723,1.853229639217308,1.7711415389708318
1394,5,0.2,10,1273.8469803333282,0.0005,3,10,1.0,10,fl,-17.352676131540246,1.2875477733041607,1.1512544404022715
1408,4,2.0,10,1415.205484867096,0.0005,3,10,1.0,50,central,-22.734601953383464,1.6455603300443034,
1409,4,2.0,10,1415.205484867096,0.0005,3,10,1.0,50,local,-16.020393286773814,6.1738986055232665,5.9701729505183305
1410,4,2.0,10,1415.205484867096,0.0005,3,10,1.0,50,fl,-17.95881189686519,4.192431846702169,3.8736027119377483
1416,6,1.0,10,1225.5530896186829,0.0005,3,10,1.0,50,central,-18.277479177558995,1.045409595968451,
1417,6,1.0,10,1225.5530896186829,0.0005,3,10,1.0,50,local,-16.043359378429216,3.1421534340677875,2.976819980640181
1418,6,1.0,10,1225.5530896186829,0.0005,3,10,1.0,50,fl,-16.11058268673905,2.2171427040100613,1.9598112187166972
1420,7,1.0,10,1275.1724755764008,0.0005,3,10,1.0,100,central,-18.390115054012647,0.6482453917058248,
1421,7,1.0,10,1275.1724755764008,0.0005,3,10,1.0,100,local,-15.676613230024014,3.0386372033484,2.9716501881349937
1422,7,1.0,10,1275.1724755764008,0.0005,3,10,1.0,100,fl,-16.044065452808976,2.042594863205263,1.9459234188441321
1432,2,1.0,10,1208.1252055168152,0.0005,3,10,1.0,10,central,-18.71653219322166,1.1391863083465716,
1433,2,1.0,10,1208.1252055168152,0.0005,3,10,1.0,10,local,-51.238225219084654,3.7637305074249583,3.5918841680732876
1434,2,1.0,10,1208.1252055168152,0.0005,3,10,1.0,10,fl,-17.624486092938078,2.839112534037038,2.5597835874649366
1444,1,0.2,10,1327.7025394439697,0.0005,3,10,1.0,50,central,-15.514053939844526,0.39533131040902586,
1445,1,0.2,10,1327.7025394439697,0.0005,3,10,1.0,50,local,-16.186121067452017,0.9536064399408121,0.8652879380376886
1446,1,0.2,10,1327.7025394439697,0.0005,3,10,1.0,50,fl,-15.679199644263369,0.6870601243879526,0.5700521863250438
1448,0,2.0,10,1179.4606862068176,0.0005,3,10,1.0,10,central,-22.78804298001269,1.7049500858101319,
1449,0,2.0,10,1179.4606862068176,0.0005,3,10,1.0,10,local,-66.38199062630704,6.271724283641855,6.054116311625827
1450,0,2.0,10,1179.4606862068176,0.0005,3,10,1.0,10,fl,-22.636663485054477,5.473945495896869,5.031895405957044
1456,0,0.2,10,1339.5773439407349,0.0005,3,10,1.0,100,central,-15.458762513823606,0.24004128460555263,
1457,0,0.2,10,1339.5773439407349,0.0005,3,10,1.0,100,local,-15.602428068990722,0.7908158277713739,0.757497947687114
1458,0,0.2,10,1339.5773439407349,0.0005,3,10,1.0,100,fl,-15.44625258581215,0.5558508820250202,0.5090140044688021
1520,1,2.0,10,1426.5285811424255,0.0005,3,10,1.0,10,central,-22.30572806708289,1.9054723761154169,
1521,1,2.0,10,1426.5285811424255,0.0005,3,10,1.0,10,local,-47.923447980791224,5.969288066295372,5.68017846949182
1522,1,2.0,10,1426.5285811424255,0.0005,3,10,1.0,10,fl,-18.25648654199468,4.263030038535764,3.836996342673255
1528,1,0.2,10,1343.5326132774353,0.0005,3,10,1.0,100,central,-15.436239514199233,0.2052887358230273,
1529,1,0.2,10,1343.5326132774353,0.0005,3,10,1.0,100,local,-15.591112109356803,0.7477902916199384,0.7232357130255977
1530,1,0.2,10,1343.5326132774353,0.0005,3,10,1.0,100,fl,-15.44356759300356,0.5234247738989148,0.4852079521374087
1536,0,0.2,10,1526.4176986217499,0.0005,3,10,1.0,50,central,-15.465569473348618,0.2431636061416628,
1537,0,0.2,10,1526.4176986217499,0.0005,3,10,1.0,50,local,-16.075402282272915,0.9185486267756284,0.8827544435163428
1538,0,0.2,10,1526.4176986217499,0.0005,3,10,1.0,50,fl,-15.590141549463748,0.6306629108320795,0.5750332484603435
1548,3,1.0,10,1185.774377822876,0.0005,3,10,1.0,10,central,-18.923627012163102,0.9556128207438701,
1549,3,1.0,10,1185.774377822876,0.0005,3,10,1.0,10,local,-51.785361715961656,3.614896956502823,3.4992229761115405
1550,3,1.0,10,1185.774377822876,0.0005,3,10,1.0,10,fl,-17.205598792727635,2.4193054886695493,2.2415643483843
1556,6,1.0,10,1214.5961220264435,0.0005,3,10,1.0,100,central,-18.273333908096923,0.8928860481490505,
1557,6,1.0,10,1214.5961220264435,0.0005,3,10,1.0,100,local,-15.65419238576693,3.026918529777525,2.8970727689419977
1558,6,1.0,10,1214.5961220264435,0.0005,3,10,1.0,100,fl,-16.028330081642686,2.095147237770553,1.8939114199797031
1568,7,1.0,10,1340.6139035224915,0.0005,3,10,1.0,50,central,-18.399751033705307,0.6275161029077,
1569,7,1.0,10,1340.6139035224915,0.0005,3,10,1.0,50,local,-16.083766803835875,3.119433414635225,3.047550599408953
1570,7,1.0,10,1340.6139035224915,0.0005,3,10,1.0,50,fl,-16.120747986265815,2.074283862399182,1.9681718629079286
1580,5,2.0,10,1520.3302011489868,0.0005,3,10,1.0,50,central,-22.342513359584665,2.0936074776571236,
1581,5,2.0,10,1520.3302011489868,0.0005,3,10,1.0,50,local,-16.039757236729464,5.940407950627808,5.596587890973812
1582,5,2.0,10,1520.3302011489868,0.0005,3,10,1.0,50,fl,-17.618434919176845,4.172216473017968,3.6362050716992798
1584,4,2.0,10,1353.6361272335052,0.0005,3,10,1.0,100,central,-22.73187171231279,1.7191694779638773,
1585,4,2.0,10,1353.6361272335052,0.0005,3,10,1.0,100,local,-15.597845900655255,6.159637268049087,5.932759278930356
1586,4,2.0,10,1353.6361272335052,0.0005,3,10,1.0,100,fl,-17.892334626026578,4.192237451027891,3.8622654481354415
1588,4,0.2,10,1278.5719413757324,0.0005,3,10,1.0,10,central,-15.58108323455357,0.382411814467108,
1589,4,0.2,10,1278.5719413757324,0.0005,3,10,1.0,10,local,-80.05293018015746,1.8499694263741013,1.8157110245394992
1590,4,0.2,10,1278.5719413757324,0.0005,3,10,1.0,10,fl,-17.1968929582221,1.2291601411077762,1.174112547255348
1700,6,0.2,10,1200.3584127426147,0.0005,3,10,1.0,25,central,-15.560847362980684,0.422619938943245,
1701,6,0.2,10,1200.3584127426147,0.0005,3,10,1.0,25,local,-17.64255407699018,1.1507921846353757,1.070017693522485
1702,6,0.2,10,1200.3584127426147,0.0005,3,10,1.0,25,fl,-15.948616003164554,0.8184715914853449,0.695515579459512
1724,1,1.0,10,1239.4696238040924,0.0005,3,10,1.0,25,central,-18.190623338562173,1.1479217247463525,
1725,1,1.0,10,1239.4696238040924,0.0005,3,10,1.0,25,local,-17.541044888289488,3.1277637105254246,2.9383123538340117
1726,1,1.0,10,1239.4696238040924,0.0005,3,10,1.0,25,fl,-16.181309914685162,2.2026575616093043,1.913564991939817
1728,8,0.2,10,1478.7359335422516,0.0005,3,10,1.0,10,central,-15.948336601492375,0.4371555280177506,
1729,8,0.2,10,1478.7359335422516,0.0005,3,10,1.0,10,local,-56.368191498274335,1.7851045040488358,1.7340782341263492
1730,8,0.2,10,1478.7359335422516,0.0005,3,10,1.0,10,fl,-18.268619299916953,1.318807050874324,1.2632422713869589
1732,8,2.0,10,1246.4053947925568,0.0005,3,10,1.0,100,central,-23.061123596504366,1.7218364572114313,
1733,8,2.0,10,1246.4053947925568,0.0005,3,10,1.0,100,local,-15.68995622324412,6.510572270308643,6.245629807246179
1734,8,2.0,10,1246.4053947925568,0.0005,3,10,1.0,100,fl,-18.208922343331913,4.390004655533249,4.036094535773719
1736,9,2.0,10,1361.003217458725,0.0005,3,10,1.0,50,central,-22.566409043131323,2.3934692777728346,
1737,9,2.0,10,1361.003217458725,0.0005,3,10,1.0,50,local,-16.01476707763807,6.281294055744134,5.8360365382400605
1738,9,2.0,10,1361.003217458725,0.0005,3,10,1.0,50,fl,-17.9044707766243,4.431376043664975,3.7658069051743497
1744,3,2.0,10,1320.3383276462555,0.0005,3,10,1.0,25,central,-22.955174167057578,1.8187719846585886,
1745,3,2.0,10,1320.3383276462555,0.0005,3,10,1.0,25,local,-17.321817770704175,6.518465977223551,6.252332402358229
1746,3,2.0,10,1320.3383276462555,0.0005,3,10,1.0,25,fl,-18.191253432780528,4.416377209367915,4.0240234566914355
1836,3,0.2,10,1242.0235426425934,0.0005,3,10,1.0,10,central,-15.94294743868405,0.6348631450288262,
1837,3,0.2,10,1242.0235426425934,0.0005,3,10,1.0,10,local,-51.07196313756917,1.8707306024682704,1.7551870211566005
1838,3,0.2,10,1242.0235426425934,0.0005,3,10,1.0,10,fl,-17.74762113254173,1.2923387297766005,1.1317539499472418
1840,3,2.0,10,1397.2674612998962,0.0005,3,10,1.0,100,central,-22.918451895446502,1.822871311966572,
1841,3,2.0,10,1397.2674612998962,0.0005,3,10,1.0,100,local,-15.603881089863865,6.36308949082102,6.098293451203622
1842,3,2.0,10,1397.2674612998962,0.0005,3,10,1.0,100,fl,-18.009820533910975,4.33464821957152,3.9448503305310263
1848,2,2.0,10,1382.4420561790466,0.0005,3,10,1.0,50,central,-23.018030467906254,2.234710115668315,
1849,2,2.0,10,1382.4420561790466,0.0005,3,10,1.0,50,local,-16.002083585156488,6.548208440242211,6.12335849048854
1850,2,2.0,10,1382.4420561790466,0.0005,3,10,1.0,50,fl,-17.99241064913994,4.599250965304398,3.9802148506779913
1856,8,2.0,10,1288.2653336524963,0.0005,3,10,1.0,25,central,-23.091526462668202,1.7010925775246974,
1857,8,2.0,10,1288.2653336524963,0.0005,3,10,1.0,25,local,-17.584945391285657,6.5012668269290375,6.221657379511983
1858,8,2.0,10,1288.2653336524963,0.0005,3,10,1.0,25,fl,-18.170238961064978,4.423987030120505,4.035557794189858
1860,0,1.0,10,1490.1150085926056,0.0005,3,10,1.0,50,central,-18.436319595314714,0.9443474256821176,
1861,0,1.0,10,1490.1150085926056,0.0005,3,10,1.0,50,local,-16.075402282272908,3.130315999456246,2.9955063441386582
1862,0,1.0,10,1490.1150085926056,0.0005,3,10,1.0,50,fl,-16.155506166871042,2.1348840078539864,1.9277978040690773
1872,1,1.0,10,1343.043939590454,0.0005,3,10,1.0,100,central,-18.136719460880443,0.9510956728881635,
1873,1,1.0,10,1343.043939590454,0.0005,3,10,1.0,100,local,-15.5911121093568,2.895392672254623,2.7445936267097757
1874,1,1.0,10,1343.043939590454,0.0005,3,10,1.0,100,fl,-15.971375654893766,2.0038648265526606,1.7733292104387552
1884,4,1.0,10,1340.3207559585571,0.0005,3,10,1.0,10,central,-18.54976871327558,0.9302820732354404,
1885,4,1.0,10,1340.3207559585571,0.0005,3,10,1.0,10,local,-79.27182447137656,3.4684324728747655,3.3552789175077082
1886,4,1.0,10,1340.3207559585571,0.0005,3,10,1.0,10,fl,-17.739449599201986,2.471942073732393,2.342777715899081
1896,7,0.2,10,1378.0849108695984,0.0005,3,10,1.0,50,central,-15.48922877845774,0.23082458563637118,
1897,7,0.2,10,1378.0849108695984,0.0005,3,10,1.0,50,local,-16.083766803835882,0.9909950359835167,0.9628054337650628
1898,7,0.2,10,1378.0849108695984,0.0005,3,10,1.0,50,fl,-15.59531231384529,0.6668952559891262,0.6217421290601457
1900,6,0.2,10,1117.4890084266663,0.0005,3,10,1.0,100,central,-15.482286668484145,0.2527006852493942,
1901,6,0.2,10,1117.4890084266663,0.0005,3,10,1.0,100,local,-15.654192385766928,0.7871739478070184,0.7488022446525863
1902,6,0.2,10,1117.4890084266663,0.0005,3,10,1.0,100,fl,-15.49365668625089,0.5619950589332221,0.5041917695239736
1908,6,2.0,10,1511.8073942661285,0.0005,3,10,1.0,10,central,-22.450229543484504,1.8477416770865858,
1909,6,2.0,10,1511.8073942661285,0.0005,3,10,1.0,10,local,-38.170668806287594,6.383572237866863,6.136542194367256
1910,6,2.0,10,1511.8073942661285,0.0005,3,10,1.0,10,fl,-19.051020869455606,4.448839274276156,4.080465996403571
2012,4,2.0,10,1497.1911301612854,0.0005,3,10,1.0,25,central,-22.767063244972945,1.6390206756819248,
2013,4,2.0,10,1497.1911301612854,0.0005,3,10,1.0,25,local,-17.57592242277681,6.161286205397142,5.948416786288508
2014,4,2.0,10,1497.1911301612854,0.0005,3,10,1.0,25,fl,-18.05597448545041,4.202653395486825,3.866458695373415
2028,6,1.0,10,1202.9351511001587,0.0005,3,10,1.0,25,central,-18.320263436547684,0.9620191975006392,
2029,6,1.0,10,1202.9351511001587,0.0005,3,10,1.0,25,local,-17.642554076990216,3.10649442574853,2.9529562940526413
2030,6,1.0,10,1202.9351511001587,0.0005,3,10,1.0,25,fl,-16.308311601468215,2.162242823204184,1.9156564682055162
2040,8,1.0,10,1426.6956644058228,0.0005,3,10,1.0,10,central,-18.91637854455151,0.817824347522044,
2041,8,1.0,10,1426.6956644058228,0.0005,3,10,1.0,10,local,-59.2820716367881,3.505997946763055,3.384270306483456
2042,8,1.0,10,1426.6956644058228,0.0005,3,10,1.0,10,fl,-17.232365294223364,2.3249048002691097,2.1561948008504883
2044,1,0.2,10,1242.528508901596,0.0005,3,10,1.0,25,central,-15.520146004884348,0.43830874022608873,
2045,1,0.2,10,1242.528508901596,0.0005,3,10,1.0,25,local,-17.541044888289477,1.2305365999953417,1.1534355087849604
2046,1,0.2,10,1242.528508901596,0.0005,3,10,1.0,25,fl,-15.964827555526721,0.8628998978541821,0.7473639546686996
2152,0,0.2,10,1359.1773571968079,0.0005,3,10,1.0,25,central,-15.552452055917797,0.3291305070537067,
2153,0,0.2,10,1359.1773571968079,0.0005,3,10,1.0,25,local,-17.93946987143475,1.2330957200370871,1.1836038558399835
2154,0,0.2,10,1359.1773571968079,0.0005,3,10,1.0,25,fl,-16.026962041751947,0.8347288421870195,0.7664209753113241
2156,9,1.0,10,1320.1365249156952,0.0005,3,10,1.0,10,central,-18.594718823490876,1.393569819787161,
2157,9,1.0,10,1320.1365249156952,0.0005,3,10,1.0,10,local,-52.242600269256705,3.5341094926502037,3.287884096535489
2158,9,1.0,10,1320.1365249156952,0.0005,3,10,1.0,10,fl,-17.004608516169444,2.5045566123924394,2.1191878432054074
2164,7,1.0,10,1302.6008327007294,0.0005,3,10,1.0,25,central,-18.455181733450814,0.7665538924489343,
2165,7,1.0,10,1302.6008327007294,0.0005,3,10,1.0,25,local,-17.508800607192093,3.1808666023329972,3.098361758239595
2166,7,1.0,10,1302.6008327007294,0.0005,3,10,1.0,25,fl,-16.284702821908233,2.133169611717523,1.9934505101236784
2176,5,2.0,10,1344.2121641635895,0.0005,3,10,1.0,25,central,-22.358931058852242,2.217179291591438,
2177,5,2.0,10,1344.2121641635895,0.0005,3,10,1.0,25,local,-18.20663105344547,6.085615102936012,5.677492462417623
2178,5,2.0,10,1344.2121641635895,0.0005,3,10,1.0,25,fl,-17.760199604640142,4.296458101483636,3.6685013558602093
2284,7,0.2,10,1250.5411915779114,0.0005,3,10,1.0,100,central,-15.480488931579004,0.21086167531240263,
2285,7,0.2,10,1250.5411915779114,0.0005,3,10,1.0,100,local,-15.676613230024008,0.8234634910510881,0.798804962172586
2286,7,0.2,10,1250.5411915779114,0.0005,3,10,1.0,100,fl,-15.487876581171145,0.5727946301889228,0.5384061678948199
2292,7,2.0,10,1481.4078469276428,0.0005,3,10,1.0,10,central,-22.763192421862907,1.413848792349362,
2293,7,2.0,10,1481.4078469276428,0.0005,3,10,1.0,10,local,-42.9790330727695,6.186123347476355,6.0435128409836025
2294,7,2.0,10,1481.4078469276428,0.0005,3,10,1.0,10,fl,-20.781659498631377,4.7232047498941405,4.552826878611556
2300,6,0.2,10,1208.0600814819336,0.0005,3,10,1.0,50,central,-15.48565176389348,0.3737485740840894,
2301,6,0.2,10,1208.0600814819336,0.0005,3,10,1.0,50,local,-16.04335937842923,1.0448244767942496,0.9726371304485228
2302,6,0.2,10,1208.0600814819336,0.0005,3,10,1.0,50,fl,-15.602072754570262,0.7449150284256849,0.6406287012857182
2320,5,1.0,10,1151.794648885727,0.0005,3,10,1.0,10,central,-18.42165605895314,1.0489054825845336,
2321,5,1.0,10,1151.794648885727,0.0005,3,10,1.0,10,local,-102.53479799078245,3.5389106508851427,3.372087100106957
2322,5,1.0,10,1151.794648885727,0.0005,3,10,1.0,10,fl,-16.84482197079286,2.419035707846469,2.164138252939013
2328,0,1.0,10,1275.7246561050415,0.0005,3,10,1.0,100,central,-18.427983349391944,0.92550450601731,
2329,0,1.0,10,1275.7246561050415,0.0005,3,10,1.0,100,local,-15.602428068990728,3.097990716018992,2.97815471072997
2330,0,1.0,10,1275.7246561050415,0.0005,3,10,1.0,100,fl,-16.055551375346035,2.130565477185386,1.9450999058332137
2332,1,1.0,10,1259.028784751892,0.0005,3,10,1.0,50,central,-18.18673102864604,1.0900903291279829,
2333,1,1.0,10,1259.028784751892,0.0005,3,10,1.0,50,local,-16.186121067452014,2.9695141881332394,2.7692018554024065
2334,1,1.0,10,1259.028784751892,0.0005,3,10,1.0,50,fl,-16.079817702694086,2.095331501987234,1.8024800433784656
2340,3,2.0,10,1235.8585932254791,0.0005,3,10,1.0,50,central,-22.9443950700554,1.8083029074083743,
2341,3,2.0,10,1235.8585932254791,0.0005,3,10,1.0,50,local,-16.101516851003215,6.351983785267318,6.0906159349369515
2342,3,2.0,10,1235.8585932254791,0.0005,3,10,1.0,50,fl,-18.057479473848602,4.311969965450496,3.923542884434192
2348,9,2.0,10,1198.7167310714722,0.0005,3,10,1.0,25,central,-22.599129299597905,2.369452567856569,
2349,9,2.0,10,1198.7167310714722,0.0005,3,10,1.0,25,local,-18.23253903066975,6.2760745475272515,5.845250023677441
2350,9,2.0,10,1198.7167310714722,0.0005,3,10,1.0,25,fl,-17.924293259527904,4.424375725574535,3.783522827772174
2352,2,0.2,10,1230.2025151252747,0.0005,3,10,1.0,10,central,-15.678608401867658,0.45981229620458947,
2353,2,0.2,10,1230.2025151252747,0.0005,3,10,1.0,10,local,-51.56447343809729,1.8616853991511833,1.8191367866292398
2354,2,0.2,10,1230.2025151252747,0.0005,3,10,1.0,10,fl,-17.28767736464287,1.255290801412892,1.174133287286308
2356,2,2.0,10,1286.0638473033905,0.0005,3,10,1.0,100,central,-22.98872837709863,2.2699529885367435,
2357,2,2.0,10,1286.0638473033905,0.0005,3,10,1.0,100,local,-15.600128123960497,6.592290052703277,6.149846571325997
2358,2,2.0,10,1286.0638473033905,0.0005,3,10,1.0,100,fl,-17.94245359086581,4.637237941671859,4.0026926906727205
